index,type,l,b,distance,metallicity
0,open,219.02,83.8,87,0.07
1,open,166.2,-23.49,130,-0.04
2,open,277.53,-7.83,141,-0.29
3,open,289.48,-4.97,151,-0.1
4,open,270.33,-6.87,165,-0.16
5,open,147.48,-6.53,175,0
6,open,205.89,32.48,187,0.09
7,open,252.5,-7.68,188,-0.53
8,open,344.24,-9.32,218,-0.58
9,open,309.26,3.04,246,0
10,open,14.83,-79.1,250,-0.19
11,open,21,-12.72,270,0
12,open,180.47,-10.79,275,NaN
13,open,26.81,14.67,302,NaN
14,open,355.86,-4.47,303,0.14
15,open,257.83,-15.4,311,-0.28
16,open,202.02,-18.43,313,NaN
17,open,204.86,-19.49,314,NaN
18,open,210.12,-19.59,314,NaN
19,open,188.88,-10.88,325,NaN
21,open,243.07,-9.3,330,NaN
20,open,214.54,-7.41,330,0.32
22,open,64.38,12.67,350,NaN
23,open,60.21,2.24,350,NaN
24,open,30.59,17.09,352,-0.03
25,open,356.61,-0.75,356,0.21
26,open,249.02,-11.11,361,-0.22
27,open,264.43,-8.63,361,-0.16
28,open,67.98,11.63,363,NaN
29,open,273.8,-15.87,373,-0.37
30,open,66.8,15.37,373,NaN
31,open,297,-15.72,380,NaN
32,open,288.1,-2.04,384,-0.38
33,open,36.01,8.31,385,0.06
34,open,244.93,-7.68,386,-0.1
35,open,343.83,-16.99,386,NaN
36,open,201.66,-17.52,394,NaN
37,open,201.07,-18.53,397,NaN
38,open,219.34,12.34,397,NaN
39,open,133.33,-1.74,400,-0.14
40,open,279.03,-33.6,406,-0.33
41,open,195.17,-12.01,411,NaN
42,open,262.7,0.65,417,NaN
43,open,257.31,-3.51,429,NaN
44,open,111.44,-8.49,430,NaN
45,open,65.78,-3.85,432,-0.02
46,open,187.7,-21.13,437,-0.1
47,open,136.99,-23.29,450,-0.09
48,open,289.58,1.38,454,0.02
49,open,117.65,-3.71,470,NaN
50,open,230.97,3.14,471,0.01
51,open,209.67,7.02,477,NaN
52,open,70.31,3.48,479,NaN
53,open,160.5,-17.81,480,NaN
54,open,36.37,5.26,483,-0.15
55,open,252.05,-6.73,489,-0.45
56,open,309.71,-1.34,491,0.03
57,open,62.77,2.2,494,NaN
58,open,286.25,-14.07,496,NaN
60,open,171.75,3.53,500,NaN
61,open,110.46,-12.52,500,NaN
59,open,174.9,16.88,500,0.13
62,open,314.21,-6.09,501,NaN
63,open,82.89,-6.65,501,NaN
64,open,71.45,0.22,508,NaN
65,open,283.82,-0.52,509,NaN
66,open,143.66,-15.58,510,0.07
67,open,347.73,1.98,512,NaN
68,open,31.64,-20.98,513,NaN
69,open,286.52,-0.58,517,NaN
70,open,152.27,6.38,520,NaN
71,open,123.8,-7.01,523,NaN
72,open,40.38,-10.76,525,NaN
73,open,354.27,-1.92,526,NaN
74,open,250.08,-5.97,541,NaN
75,open,67.4,-11.43,543,NaN
76,open,52.81,8.75,546,NaN
77,open,123.15,-1.27,550,NaN
78,open,168.42,3.08,550,NaN
79,open,257.42,1.63,550,NaN
80,open,308.66,3.57,550,NaN
81,open,40.31,12.63,550,NaN
82,open,264.95,-10.44,553,NaN
83,open,340.73,6.03,559,NaN
84,open,13.7,-4.41,561,-0.26
85,open,281.7,1.32,564,NaN
86,open,221.95,5.32,569,NaN
87,open,87.46,9.31,569,NaN
88,open,283.06,3.3,570,NaN
89,open,180.3,-16.73,572,NaN
90,open,280.7,4.55,573,NaN
91,open,241.58,-2.52,576,NaN
92,open,314.68,3.98,586,NaN
93,open,97.06,1,590,NaN
94,open,14.16,-5.55,591,0.13
95,open,6.4,-0.22,593,NaN
96,open,223.39,-0.01,596,NaN
97,open,163.04,-1.87,600,NaN
98,open,167.51,14.42,600,NaN
99,open,99.29,3.74,600,NaN
100,open,95.47,-17.86,600,NaN
101,open,46.82,-9.26,603,NaN
102,open,297.32,-2.29,610,NaN
103,open,196.87,-10.61,612,NaN
104,open,313.67,-5.55,613,-0.15
105,open,0.15,-0.82,614,NaN
106,open,259.75,0.47,619,NaN
107,open,285.36,-0.88,619,NaN
108,open,328.09,1.13,619,NaN
109,open,138.06,4.49,620,NaN
110,open,211.4,-10.49,621,NaN
111,open,284.36,0.88,626,NaN
112,open,259.31,3.46,629,NaN
113,open,155.73,6.86,630,NaN
114,open,143.34,-0.07,632,0.46
115,open,29.65,12.65,640,NaN
116,open,246.12,1.87,642,0.21
117,open,15.35,7.63,644,NaN
118,open,9.86,2.87,648,0.09
119,open,301.47,-4.42,650,NaN
120,open,274.92,-5.89,656,NaN
121,open,155.02,-15.32,665,-0.16
122,open,14.89,-9.24,668,NaN
123,open,15.41,-9.58,669,-0.31
124,open,137.43,-3.91,670,NaN
125,open,58.85,-1.87,672,NaN
126,open,312.18,1.79,673,NaN
127,open,15.88,-7.92,679,NaN
128,open,44.38,3.1,686,NaN
129,open,83.09,-9.9,689,NaN
130,open,6.56,1.94,690,NaN
131,open,351.73,-3.3,698,NaN
132,open,155.62,-17.79,700,NaN
133,open,90.54,2.25,700,NaN
134,open,101.67,-11.39,700,NaN
135,open,110.91,2.77,700,NaN
136,open,266.66,-3.59,701,NaN
137,open,259.34,0.92,702,NaN
138,open,297.63,1.74,703,NaN
139,open,306.75,0.13,703,NaN
140,open,232.97,2.85,707,0.13
141,open,308.38,3.13,709,NaN
142,open,244.97,-3.71,714,NaN
143,open,297.68,-1.48,719,NaN
144,open,56.17,3.31,724,NaN
145,open,302.41,2.18,731,NaN
146,open,15.55,0.93,731,NaN
147,open,79.8,-4.22,736,NaN
148,open,264.51,1.44,737,NaN
149,open,210.88,3.75,747,NaN
150,open,270.27,0.84,748,NaN
151,open,284,-1.62,749,NaN
152,open,123.24,-13.39,750,NaN
153,open,284.96,-0.34,750,NaN
154,open,97.45,-2.49,750,NaN
155,open,79.43,2.55,758,NaN
156,open,0.63,-8.13,759,NaN
157,open,18.92,-1.5,765,NaN
158,open,356.93,-1.55,767,-0.61
159,open,237.94,-9.61,767,NaN
160,open,231.01,-10.44,769,0.04
161,open,94.39,-5.51,770,NaN
162,open,208.1,-7.91,771,NaN
163,open,117.62,2.27,774,NaN
164,open,275.91,-1.24,774,NaN
165,open,299.02,-7.25,774,NaN
166,open,54.89,-1.58,774,NaN
167,open,258.24,0.33,780,NaN
168,open,117.2,5.84,780,NaN
169,open,281.04,-0.16,786,NaN
170,open,213.47,5.68,787,NaN
171,open,54.6,-3.42,788,NaN
173,open,311.75,3.32,789,NaN
172,open,227.89,15.38,789,0.08
174,open,266.37,-12.88,792,NaN
175,open,321.59,3.6,794,0.05
176,open,173.86,-0.61,797,NaN
177,open,286.4,-6.88,797,NaN
178,open,213.34,-12.6,799,NaN
179,open,297.73,2.94,800,-0.25
181,open,127.46,9.42,800,NaN
182,open,179.12,-10.48,800,NaN
183,open,163.43,3.33,800,NaN
184,open,320.52,-7.71,800,NaN
185,open,1.53,-12.96,800,NaN
186,open,106.66,5.29,800,NaN
180,open,104.01,6.46,800,0.16
188,open,112.98,-1.54,805,NaN
187,open,212.55,0.28,805,0.06
189,open,339.91,-0.27,806,NaN
190,open,353.98,3.01,807,NaN
191,open,316.31,5.61,808,NaN
192,open,122.84,3.09,810,NaN
193,open,324.62,-4.7,810,NaN
194,open,234.31,-4.65,813,NaN
195,open,219.1,-1.6,814,NaN
196,open,273.09,-16.31,816,NaN
197,open,353.01,0.26,816,NaN
198,open,28.97,-0.59,818,NaN
199,open,286.73,2.6,819,0.2
200,open,289.59,-1.24,823,0.04
201,open,230.46,3.55,824,0.07
202,open,214.76,-0.13,826,NaN
203,open,299.66,-2.1,826,NaN
204,open,186.6,2.26,830,-0.16
205,open,217.15,-12.53,830,NaN
206,open,2.2,-2.29,830,NaN
207,open,67.06,-3.06,831,NaN
208,open,4.41,16.75,834,NaN
209,open,150.56,-9.24,837,NaN
210,open,355.15,8.02,838,NaN
211,open,69.48,7.19,841,NaN
213,open,79.32,-0.01,844,NaN
212,open,69.85,-7.15,844,0.01
214,open,262.51,1.49,846,NaN
215,open,121.95,-1.08,850,NaN
216,open,134.68,0.06,850,NaN
217,open,328.8,2.86,850,NaN
218,open,98.85,-5.55,850,NaN
219,open,117.21,5.84,850,NaN
220,open,64.75,2.51,852,NaN
221,open,70.44,1.41,852,NaN
222,open,83.99,-1.09,852,NaN
223,open,82.33,0.72,857,NaN
224,open,353.11,-4.93,858,-0.04
225,open,306,2.66,860,NaN
226,open,9.41,-1.64,861,NaN
227,open,153.38,0.2,863,-0.06
228,open,173.22,-3.51,868,NaN
229,open,327.89,1.82,869,NaN
230,open,232.75,0.77,870,NaN
231,open,248.59,0.79,871,NaN
232,open,320.04,-2.74,871,NaN
233,open,78.09,2.78,871,NaN
234,open,112.7,3.21,871,NaN
235,open,323.56,-5.45,884,NaN
236,open,78.15,3.51,884,NaN
237,open,340.09,-7.91,888,-0.13
238,open,215.68,31.92,890,-0.1
239,open,334.92,-0.2,892,0.15
240,open,237.2,2.16,893,NaN
241,open,332.39,-1.69,895,NaN
242,open,335.1,-0.31,898,NaN
243,open,264.39,-7.33,899,NaN
244,open,131.28,-4.86,900,NaN
245,open,206.22,-1.31,900,NaN
246,open,106.52,-8.41,900,NaN
247,open,110.03,-5.93,900,NaN
248,open,80.25,0.96,901,NaN
249,open,221.66,-1.33,902,NaN
250,open,186.76,-5.4,912,NaN
251,open,262.39,-2.14,912,NaN
252,open,320.82,1.59,912,NaN
253,open,86.21,0.79,912,NaN
254,open,297.06,1.4,920,NaN
255,open,333.75,-5.74,926,-0.03
256,open,221.06,4.56,926,NaN
257,open,349.95,-1,929,NaN
258,open,355.83,1.63,930,-0.66
259,open,133.83,8.63,930,NaN
260,open,313.85,-0.44,932,NaN
261,open,14.3,-0.28,932,NaN
262,open,254.82,-2.06,935,0.12
263,open,332.48,-1.6,937,NaN
264,open,7.31,-1.42,938,-0.33
265,open,352.58,-3.23,938,NaN
266,open,286.78,-1.58,940,NaN
267,open,57.02,0.02,941,NaN
268,open,283.25,-3.88,944,0.02
269,open,286.75,16.93,946,-0.17
270,open,213.39,0.56,946,NaN
271,open,309.55,1.95,949,NaN
272,open,135.74,1.54,950,NaN
273,open,152.07,0.24,950,NaN
274,open,262.57,-2.98,950,NaN
275,open,110.84,2.71,957,NaN
276,open,239.09,-4.69,962,NaN
277,open,77.15,1.67,969,NaN
278,open,246.03,0.41,970,NaN
279,open,280.58,-2.11,970,NaN
280,open,287.93,1.16,973,NaN
281,open,235.48,0.37,974,NaN
282,open,332.57,-1.79,974,NaN
283,open,284.65,-4.28,976,NaN
285,open,67.64,0.24,977,NaN
284,open,205.86,-12.62,977,0.16
286,open,273.9,-3.97,978,NaN
287,open,206.35,3.07,981,NaN
288,open,211.28,3.43,985,NaN
289,open,359.76,-1.88,995,NaN
290,open,1.89,1.2,998,NaN
291,open,118.22,5,1000,NaN
292,open,132.89,2.67,1000,NaN
293,open,138.04,1.49,1000,NaN
294,open,159.25,-3.03,1000,NaN
295,open,230.02,-3.77,1000,NaN
296,open,224.06,1.04,1000,NaN
297,open,106.72,-4.87,1000,NaN
298,open,244.73,-0.4,1005,NaN
299,open,269.78,0.15,1005,NaN
300,open,339.4,2.54,1007,NaN
301,open,338.41,1.23,1011,NaN
302,open,357.93,-1.59,1012,0.09
303,open,319.52,4.57,1014,NaN
304,open,301.3,5.46,1015,NaN
305,open,279.58,-2.08,1020,NaN
306,open,188.58,3.79,1021,NaN
307,open,143.67,7.65,1023,NaN
308,open,233.68,-2.64,1023,NaN
309,open,308.97,-4.25,1025,NaN
310,open,224.25,-1.18,1029,-0.3
311,open,195.86,-16.1,1031,NaN
312,open,221.51,1.11,1031,NaN
313,open,212.63,6.32,1031,NaN
314,open,334.89,17.54,1031,NaN
315,open,332.91,-3.15,1031,NaN
316,open,195.58,-2.93,1032,NaN
317,open,289.29,4.82,1032,NaN
318,open,74.55,1.03,1032,NaN
319,open,300.07,2.94,1036,NaN
320,open,240.05,0.15,1037,-0.1
321,open,142.28,2.53,1037,NaN
322,open,224.22,-1.48,1037,NaN
323,open,240.74,-0.26,1040,NaN
324,open,105.39,9.89,1046,NaN
325,open,306.87,6.31,1050,NaN
326,open,354.11,-0.18,1051,NaN
327,open,340.28,-3.39,1054,NaN
328,open,270.43,-19.24,1055,NaN
329,open,208,-3.36,1056,NaN
330,open,270.83,-6.08,1057,NaN
331,open,268.99,0.78,1063,NaN
332,open,79.91,2.31,1063,NaN
333,open,216.7,-13.92,1068,NaN
334,open,75.1,2.13,1073,NaN
335,open,82.82,5.77,1073,NaN
336,open,42.14,4.71,1075,NaN
337,open,327.2,2.24,1076,NaN
338,open,235.4,-22.29,1077,NaN
339,open,307.9,0.04,1078,NaN
340,open,271.32,-0.66,1079,NaN
341,open,59.21,3.95,1082,NaN
342,open,338.55,-1.04,1085,-1.05
343,open,76.18,-0.54,1087,NaN
344,open,80.35,0.73,1089,NaN
345,open,183.83,-10.88,1092,NaN
346,open,286.87,1.49,1095,NaN
347,open,350.01,-5.12,1096,NaN
348,open,119.92,-0.12,1100,NaN
349,open,131.2,-1.64,1100,NaN
350,open,130.74,2.59,1100,NaN
351,open,171.85,-1.08,1100,NaN
352,open,179.13,-0.25,1100,NaN
353,open,163.23,13.13,1100,NaN
354,open,91.32,2.32,1100,NaN
355,open,95.59,-1.55,1100,NaN
356,open,310.52,0.17,1105,NaN
357,open,333.26,-1.88,1105,NaN
358,open,346.05,1.32,1105,NaN
359,open,304.04,3.27,1106,NaN
360,open,325.05,-2.65,1106,NaN
361,open,173.65,2.89,1110,NaN
362,open,63.65,1.6,1112,NaN
363,open,330.61,3.31,1113,NaN
364,open,341.53,-1.16,1113,NaN
365,open,300.64,-2.01,1115,NaN
366,open,99.07,0.93,1116,NaN
367,open,285.67,-0.32,1122,NaN
368,open,120.22,1.29,1123,NaN
369,open,46.83,1.62,1125,NaN
370,open,25.75,-5.68,1127,NaN
371,open,78.7,2.02,1127,NaN
372,open,26.22,-0.13,1128,NaN
373,open,5.27,-0.59,1134,NaN
374,open,328.83,0.93,1137,NaN
375,open,277.83,-4.42,1138,0.1
376,open,216.01,-10.1,1141,NaN
377,open,72.75,1.33,1142,NaN
378,open,38.62,-1.59,1143,NaN
379,open,172.31,0.7,1144,NaN
380,open,261.93,-5.11,1146,NaN
381,open,314.9,-0.88,1148,NaN
382,open,166.98,-1.01,1150,NaN
383,open,78.59,-2.78,1150,NaN
384,open,336.72,-1.57,1158,NaN
385,open,217.12,-1.45,1159,NaN
386,open,353.93,-1.77,1168,NaN
387,open,102.78,1.2,1169,NaN
388,open,173.04,-0.1,1173,NaN
389,open,16.78,-2.92,1173,NaN
390,open,76.91,0.59,1173,NaN
391,open,207,-1.79,1174,NaN
392,open,320.35,-1.79,1174,NaN
393,open,29.09,-0.42,1174,NaN
394,open,209.75,1.82,1180,NaN
395,open,224.67,0.39,1180,NaN
396,open,266.26,18.64,1182,NaN
397,open,0.01,0.16,1182,NaN
398,open,225.08,-2.63,1184,NaN
399,open,282.61,2.08,1184,NaN
400,open,310.41,0.38,1184,NaN
401,open,265.69,1.77,1186,NaN
402,open,81.49,0.61,1186,NaN
403,open,273.72,-1.39,1187,NaN
404,open,225.8,-2.47,1188,NaN
405,open,348.51,-3.39,1188,NaN
406,open,321.13,2.47,1189,NaN
407,open,81.67,-0.02,1190,NaN
408,open,205.34,0.36,1191,NaN
409,open,3.65,1.79,1192,NaN
410,open,254.01,0.25,1194,NaN
411,open,7.67,-0.35,1194,NaN
412,open,211.83,-1.92,1195,NaN
413,open,297.38,3.1,1198,-0.71
415,open,161.7,-0.44,1200,NaN
416,open,174.52,1.08,1200,NaN
417,open,97.64,-8.35,1200,NaN
418,open,108.83,5.03,1200,NaN
419,open,111.46,0.1,1200,NaN
414,open,124.95,-1.23,1200,0.07
420,open,334.71,-0.85,1201,NaN
421,open,191.32,-0.74,1202,NaN
422,open,210.26,-1.86,1202,NaN
423,open,224.01,-9.67,1204,NaN
425,open,292.55,2.76,1208,NaN
424,open,310.22,0.12,1208,0.05
426,open,299.99,-4.83,1209,NaN
427,open,297.31,-0.89,1210,NaN
428,open,274.45,0.38,1211,NaN
429,open,309.15,-0.72,1211,NaN
430,open,2.36,-5.39,1211,NaN
431,open,178.73,-0.18,1213,NaN
432,open,6.15,-4.26,1213,NaN
433,open,235.29,-0.05,1215,NaN
434,open,358.37,2.16,1215,NaN
435,open,335.22,-1.44,1216,NaN
436,open,355.38,-3.74,1217,NaN
437,open,333.09,-1.19,1220,NaN
438,open,291.52,2.36,1221,NaN
439,open,292.4,-1.8,1224,0.01
440,open,187.21,-5.08,1226,NaN
441,open,79.22,12.01,1227,NaN
442,open,300.7,1.87,1229,NaN
443,open,92.3,-0.18,1230,NaN
444,open,233.73,11.11,1232,0.13
445,open,78.39,2.52,1238,NaN
446,open,83.55,0.67,1238,NaN
447,open,264.48,-0.29,1239,NaN
448,open,300.47,-5.74,1239,NaN
449,open,338.72,0.1,1239,NaN
450,open,76.12,1.08,1239,NaN
451,open,75.73,0.34,1239,NaN
452,open,102.49,5.15,1239,NaN
453,open,309.96,-5.62,1241,-0.23
454,open,190.96,2.28,1243,NaN
455,open,249.38,-5.25,1245,NaN
456,open,15.75,-3.57,1245,NaN
457,open,263.96,-0.34,1249,NaN
458,open,95.5,-7.26,1250,-0.12
459,open,165.88,-4.06,1250,NaN
460,open,167.11,-2.81,1250,NaN
461,open,284.18,3.86,1250,NaN
462,open,300.15,1.83,1250,NaN
463,open,300.84,1.23,1250,NaN
464,open,108.93,0.26,1250,NaN
465,open,295.91,-0.11,1251,NaN
466,open,113.97,1.99,1252,NaN
467,open,181.81,4.53,1254,NaN
468,open,20.29,-0.57,1257,NaN
469,open,333.06,0.03,1258,NaN
470,open,16.97,-1.03,1258,NaN
471,open,205.36,-1.65,1259,NaN
472,open,355.16,1.01,1259,NaN
473,open,168.25,-12.31,1263,NaN
474,open,237.13,-3.73,1263,NaN
475,open,355.06,-0.74,1266,-0.19
476,open,355.07,12.43,1266,NaN
477,open,283.66,-6.83,1268,-0.71
478,open,248.22,-3.93,1268,NaN
479,open,264.1,2.02,1268,NaN
480,open,307.57,-0.29,1270,NaN
481,open,28.2,-0.05,1273,NaN
482,open,12.73,-0.85,1277,NaN
483,open,256.93,-8.37,1278,NaN
484,open,306.41,0.75,1278,NaN
485,open,314.59,-1.47,1278,NaN
486,open,329.28,-1.5,1278,NaN
487,open,320.94,-2.73,1281,NaN
488,open,12.39,-3.22,1282,-1.54
489,open,282.05,-2.41,1282,NaN
490,open,282.98,0.43,1282,NaN
491,open,269.13,-0.19,1285,NaN
492,open,90.23,1.7,1285,NaN
493,open,280.17,0.17,1286,NaN
494,open,219.15,-10.55,1287,NaN
495,open,11.66,-1.73,1289,NaN
496,open,12.11,-1.3,1290,NaN
497,open,219.76,10.86,1292,NaN
498,open,85.25,-0.61,1293,NaN
499,open,267.5,-3.63,1294,NaN
500,open,194.26,2.47,1296,NaN
501,open,221.45,-2.55,1296,NaN
502,open,264.87,1.12,1296,NaN
503,open,225.89,-2.05,1297,NaN
504,open,293.24,0.6,1297,NaN
505,open,349.91,3.08,1297,NaN
506,open,79.08,0.96,1297,NaN
507,open,212.64,-2.5,1298,NaN
508,open,246.2,-10.56,1298,NaN
509,open,91.12,-2.86,1300,-0.01
510,open,162.26,1.61,1300,NaN
511,open,121.48,-1.73,1300,NaN
512,open,148.1,-1.31,1300,NaN
513,open,172.65,-0.31,1300,NaN
514,open,266.39,-1.92,1300,NaN
515,open,51.1,-1.43,1303,NaN
516,open,27.31,0.43,1304,NaN
517,open,295.65,3.69,1305,NaN
518,open,49.39,-1.33,1305,NaN
519,open,203.68,2.62,1306,NaN
520,open,301.89,-0.13,1308,NaN
521,open,262.14,0.8,1309,NaN
522,open,219.28,-3.13,1310,NaN
523,open,96.26,1.07,1310,NaN
524,open,310.84,-0.33,1312,NaN
525,open,88.75,-1.31,1313,NaN
526,open,47.15,-2.1,1317,NaN
527,open,187.42,-1.1,1318,NaN
528,open,15.03,-1.62,1318,NaN
529,open,79.56,6.84,1326,NaN
530,open,340.9,-1.08,1327,NaN
531,open,203.57,0.1,1329,0.25
532,open,312.61,1.68,1330,NaN
533,open,325.8,0.14,1330,NaN
534,open,273.75,-0.93,1332,NaN
535,open,309.46,-3.26,1332,NaN
536,open,90.07,7.67,1332,NaN
537,open,19.04,0.81,1335,NaN
538,open,118.6,6.09,1338,NaN
539,open,215.45,-6.26,1338,NaN
540,open,333.28,-0.05,1338,NaN
541,open,249.09,3.54,1339,0.05
542,open,305.08,-2.51,1340,NaN
543,open,351.19,1.38,1340,NaN
544,open,229.23,3.1,1341,NaN
545,open,262.83,-0.8,1342,NaN
546,open,24.12,-1.26,1342,NaN
547,open,241.63,2.02,1344,-0.08
548,open,315.64,2.21,1346,NaN
549,open,358.45,-1.9,1346,NaN
550,open,313.58,2,1349,NaN
551,open,130.36,-4.39,1350,NaN
552,open,143.95,3.6,1350,NaN
553,open,112.82,0.48,1350,NaN
554,open,45.68,-0.14,1355,NaN
555,open,281.74,-2.01,1358,NaN
556,open,177.62,-0.11,1359,NaN
557,open,289.51,-0.41,1359,NaN
558,open,125.34,-0.52,1363,NaN
559,open,236,5.38,1363,NaN
560,open,265.08,-2.57,1363,NaN
561,open,311.93,-4.11,1366,NaN
562,open,264.82,-1.51,1367,NaN
563,open,324.65,0.66,1369,NaN
564,open,266.17,22.24,1370,NaN
565,open,192.21,-13.56,1371,NaN
566,open,231.86,4.07,1375,-0.47
567,open,238.18,-5.55,1375,NaN
568,open,286.09,-1.67,1376,-0.22
569,open,266.95,-0.36,1379,NaN
570,open,75.35,-1.42,1379,NaN
571,open,192.87,1.54,1380,NaN
572,open,277.77,-3.69,1380,NaN
573,open,276.82,-1.2,1380,NaN
574,open,295.04,-0.7,1380,NaN
575,open,73.27,1.17,1380,NaN
576,open,28.17,0.43,1381,NaN
577,open,132.4,-6.16,1382,NaN
578,open,315.34,1.79,1388,NaN
579,open,290.9,15.65,1389,NaN
580,open,327.52,1.99,1390,NaN
581,open,130.87,1.07,1391,NaN
582,open,12.1,-1.4,1392,NaN
583,open,60.91,-0.1,1392,NaN
584,open,253.94,6.97,1393,NaN
585,open,228.42,1.03,1394,NaN
586,open,267.95,-1.32,1394,NaN
587,open,348.6,-13.3,1397,NaN
589,open,152.56,-1.61,1400,NaN
590,open,170.95,0.06,1400,NaN
591,open,242.48,-2.51,1400,NaN
592,open,348.04,-0.29,1400,NaN
593,open,73.89,3.59,1400,NaN
588,open,177.62,3.1,1400,0.09
594,open,307.21,-0.9,1404,NaN
595,open,4.82,-0.84,1405,NaN
596,open,233.06,2.71,1406,-0.15
597,open,234.57,-1.08,1409,NaN
598,open,135.78,-1.55,1410,NaN
599,open,223.6,-1.18,1411,-0.03
600,open,283.95,-3.85,1412,NaN
601,open,81.44,0.48,1413,NaN
602,open,290.11,0.42,1414,NaN
603,open,82.8,-4.51,1414,NaN
604,open,208.99,-0.08,1415,NaN
605,open,286.23,-2.57,1415,NaN
606,open,257.85,0.48,1418,NaN
607,open,290.99,-0.13,1422,NaN
608,open,345.78,-0.15,1422,NaN
609,open,28.04,0.18,1422,NaN
610,open,299.96,0.93,1423,NaN
611,open,329.52,3.28,1423,NaN
612,open,12.53,0.7,1423,NaN
613,open,93.56,0.65,1423,NaN
614,open,191.02,-0.77,1427,NaN
615,open,78.46,1.36,1427,NaN
616,open,213.3,0.31,1429,NaN
617,open,119.46,-0.94,1430,NaN
618,open,203.84,-0.16,1432,NaN
619,open,321.93,3.25,1434,NaN
620,open,77.62,0.38,1434,NaN
621,open,283.83,-3.69,1435,NaN
622,open,352.88,-2.5,1435,NaN
623,open,248.82,-3.04,1436,NaN
624,open,26.36,-0.78,1441,NaN
625,open,193.22,-1.03,1444,NaN
626,open,203.54,-6.19,1445,NaN
627,open,277.94,-3.28,1445,NaN
628,open,73.65,1.81,1445,NaN
629,open,103.75,2.13,1445,NaN
630,open,207.33,-0.76,1447,NaN
631,open,253.56,-5.84,1450,-0.19
632,open,110.52,-4.96,1450,NaN
633,open,38.25,1.77,1453,NaN
634,open,305.92,-2.24,1454,NaN
635,open,49.17,-0.98,1455,NaN
637,open,302.7,-18.39,1456,NaN
638,open,82.33,3.02,1456,NaN
636,open,232.05,2.68,1456,0.31
639,open,75.82,1.32,1457,NaN
640,open,269.21,-1.85,1458,NaN
641,open,314.79,0.6,1458,NaN
642,open,24.74,1.41,1460,NaN
643,open,52.53,-0.03,1462,NaN
644,open,276.84,2.77,1464,NaN
645,open,284.56,-0.33,1465,NaN
646,open,129.91,5.88,1466,NaN
647,open,207.42,-5.49,1467,NaN
648,open,238.36,5.91,1467,NaN
649,open,351.73,-1.65,1467,NaN
650,open,207.47,-8.26,1468,NaN
651,open,8.9,-0.26,1468,NaN
652,open,317,3.92,1469,NaN
653,open,167.26,2.56,1472,NaN
654,open,2.88,-2.85,1472,NaN
656,open,239.63,-16.52,1474,NaN
655,open,356.01,-0.3,1474,0.33
657,open,336.37,-0.5,1476,NaN
658,open,85.48,-4.44,1476,NaN
659,open,255.05,0.56,1477,NaN
660,open,325.61,1.89,1478,NaN
661,open,5.34,-0.98,1478,NaN
662,open,309.52,-2.88,1481,-0.13
663,open,276.13,-12.75,1481,NaN
664,open,40.35,-0.7,1481,NaN
665,open,287.99,-8.6,1483,-0.35
666,open,189.56,1.82,1485,NaN
667,open,302.63,-0.86,1489,NaN
668,open,233.09,3.23,1490,-0.1
669,open,185.87,-19.67,1490,NaN
670,open,202.23,-8.02,1490,NaN
671,open,208.55,-1.81,1490,NaN
672,open,317.53,2.1,1490,NaN
673,open,357.53,2.86,1490,NaN
674,open,6.47,-2.37,1490,NaN
675,open,239.93,-4.93,1499,-0.01
676,open,280.43,-1.64,1499,NaN
677,open,333.97,-13.82,1500,-0.32
678,open,137.19,0.89,1500,NaN
679,open,168.88,-2.03,1500,NaN
680,open,294.55,0.72,1500,NaN
681,open,63.26,6.68,1500,NaN
682,open,94.25,-0.78,1500,NaN
683,open,99.48,-0.31,1500,NaN
684,open,104.89,5.36,1500,NaN
685,open,104.69,-0.59,1500,NaN
686,open,320.51,-1.2,1501,NaN
687,open,186.17,-13.09,1504,-0.14
688,open,194.61,-3.49,1508,NaN
689,open,249.29,-4.7,1508,NaN
690,open,219.82,15.87,1508,NaN
691,open,299.35,3.01,1509,NaN
692,open,335.46,-6.24,1511,0.43
693,open,252.63,15.09,1513,NaN
694,open,287.67,-10.14,1513,NaN
695,open,293.4,0.7,1513,NaN
696,open,309.06,2.09,1513,NaN
697,open,315.75,-5.25,1513,NaN
698,open,333.03,5.86,1513,NaN
699,open,84.27,-3.88,1513,NaN
700,open,104.92,13.79,1513,NaN
701,open,8.67,-0.35,1515,NaN
702,open,29.49,-1,1516,NaN
703,open,123.04,1.79,1517,NaN
704,open,155.91,7.7,1522,NaN
705,open,166.36,3.54,1523,NaN
706,open,245.75,3.58,1523,NaN
707,open,359.6,-0.66,1526,NaN
708,open,77.22,4.97,1532,NaN
709,open,320.76,6.43,1535,NaN
710,open,320.32,-0.17,1535,NaN
711,open,96.3,2.57,1535,NaN
712,open,188.85,4.43,1536,NaN
713,open,113.91,0.44,1536,NaN
714,open,296.78,-0.48,1537,-0.59
715,open,228.27,-0.79,1537,NaN
716,open,308.11,-0.91,1537,NaN
717,open,294.51,-1.07,1538,NaN
718,open,62,-0.69,1540,NaN
719,open,216.19,3,1544,NaN
720,open,285.31,-8.81,1546,NaN
721,open,76.16,-0.29,1547,NaN
722,open,146.06,-2.83,1550,NaN
723,open,19.75,-0.55,1550,NaN
724,open,87.99,-1.66,1550,NaN
725,open,179.21,11.88,1551,NaN
726,open,211.77,-3.73,1551,NaN
727,open,324.38,1.72,1555,NaN
728,open,238.52,1.39,1558,NaN
729,open,229.8,-1.43,1560,-0.03
730,open,203.8,0.45,1560,NaN
731,open,294.88,0.76,1560,NaN
732,open,315.66,0.29,1560,NaN
733,open,291.66,-17.87,1561,NaN
734,open,298.72,-15.6,1561,NaN
735,open,256.32,-5.43,1562,NaN
736,open,320.82,-2.04,1562,NaN
737,open,21.62,-0.76,1564,NaN
738,open,347.37,-0.35,1569,NaN
739,open,25.44,1.36,1569,NaN
740,open,237.7,-5.47,1571,NaN
741,open,290.49,1.6,1577,NaN
742,open,309.92,2.93,1577,NaN
743,open,249.28,-4.85,1579,NaN
744,open,348.9,2.62,1579,NaN
745,open,72.76,1.75,1580,NaN
746,open,215.42,-12.82,1581,NaN
747,open,205.91,-0.39,1581,NaN
748,open,58.83,-4.65,1582,NaN
749,open,75.7,13.54,1584,NaN
750,open,84.08,-4.98,1584,NaN
751,open,207.89,0.28,1585,NaN
752,open,235.48,1.77,1589,NaN
753,open,76.9,2.07,1589,NaN
754,open,274.89,1.6,1594,NaN
755,open,36.32,18.36,1596,NaN
756,open,86.18,-5.28,1599,NaN
757,open,118.16,0.22,1600,NaN
758,open,119.75,0.01,1600,NaN
759,open,121,8.64,1600,NaN
760,open,124.27,-0.06,1600,NaN
761,open,136.13,2.11,1600,NaN
762,open,172.61,0.3,1600,NaN
763,open,177.06,-0.43,1600,NaN
764,open,89.96,-2.74,1600,NaN
765,open,94.41,0.23,1600,NaN
766,open,104.42,0.31,1600,NaN
767,open,111.79,-5.32,1600,NaN
768,open,283.33,-2.69,1602,NaN
769,open,308.73,-0.87,1602,NaN
770,open,27.33,-1.94,1604,NaN
771,open,56.28,-4.68,1604,NaN
772,open,245.63,-3.92,1606,NaN
773,open,269.78,15.63,1606,NaN
774,open,235.65,-2.29,1607,NaN
775,open,249.22,-4.34,1608,NaN
776,open,329.38,2.9,1608,NaN
777,open,243.04,-5.43,1609,NaN
778,open,237.98,-1.67,1609,NaN
779,open,249.34,-0.15,1609,NaN
780,open,298.6,-0.17,1609,NaN
781,open,221.91,-2.58,1614,NaN
782,open,314.63,-0.57,1614,NaN
783,open,18.45,-0.41,1614,NaN
786,open,196.56,0.38,1619,NaN
784,open,340.64,2.14,1619,0.12
785,open,290.44,-1.12,1619,0.15
787,open,342.12,-3.74,1620,NaN
788,open,270.73,-3.04,1621,NaN
789,open,334.5,-1.18,1623,NaN
790,open,17.18,1.37,1623,NaN
791,open,213.89,-12.09,1627,NaN
792,open,326.01,-1.92,1629,NaN
793,open,265.34,-17.18,1631,NaN
794,open,128.18,-0.96,1632,NaN
795,open,192.34,-13.16,1633,NaN
796,open,191.01,-0.64,1633,NaN
797,open,341.13,0.28,1633,NaN
798,open,111.89,-4.16,1633,NaN
799,open,225.47,-5.52,1634,NaN
800,open,224.22,0.3,1634,NaN
801,open,254.97,0.31,1634,NaN
802,open,294.84,0.65,1634,NaN
803,open,295.83,0.78,1634,NaN
804,open,308.96,-0.64,1634,NaN
805,open,292.38,3.61,1639,NaN
806,open,244.8,0.24,1649,NaN
807,open,247.63,-0.53,1649,NaN
808,open,20.74,-1.26,1649,NaN
809,open,125.89,-2.62,1650,NaN
810,open,186.58,0.14,1651,NaN
811,open,76.63,1.3,1653,NaN
812,open,235.26,-2.46,1655,NaN
813,open,211.82,-17.36,1656,NaN
814,open,80.26,-2.11,1656,NaN
815,open,7,-2.97,1657,NaN
816,open,35.14,1.76,1657,NaN
817,open,181.38,-3.43,1658,NaN
818,open,119.76,1.69,1659,NaN
819,open,194.42,-1.02,1659,NaN
820,open,238.21,-3.35,1659,NaN
821,open,214.9,16.4,1659,NaN
822,open,265.52,-3.38,1659,NaN
823,open,214.37,31.35,1659,NaN
824,open,297.57,1.16,1659,NaN
825,open,300.07,2.64,1659,NaN
826,open,291.2,-0.16,1660,NaN
827,open,212.68,-13.93,1661,NaN
828,open,305.51,-0.66,1662,NaN
829,open,190.07,0.8,1664,NaN
830,open,186.33,13.82,1664,NaN
831,open,291.11,-0.19,1664,NaN
832,open,264.79,-2.91,1668,NaN
833,open,2.21,-0.63,1668,NaN
834,open,24.71,0.32,1668,NaN
835,open,60.16,-0.26,1668,NaN
836,open,71.86,2.42,1668,NaN
837,open,219.88,1.01,1671,NaN
838,open,280.73,0.1,1671,NaN
839,open,249.8,2.96,1678,-0.08
840,open,269.73,0.98,1678,NaN
841,open,96.16,-1.58,1680,NaN
842,open,120.29,-2.56,1685,NaN
843,open,188.66,-8.22,1685,NaN
844,open,237.94,-14.97,1685,NaN
845,open,279.19,-1.59,1685,NaN
846,open,294.12,-0.03,1685,NaN
847,open,81.52,-8.78,1685,NaN
848,open,294.94,-0.64,1687,NaN
849,open,66.42,-0.37,1689,NaN
850,open,347.49,1.74,1695,NaN
851,open,290.26,1.34,1697,NaN
852,open,0.69,-2.05,1698,NaN
853,open,120.11,-4.83,1700,NaN
854,open,134.72,0.92,1700,NaN
855,open,290.14,-0.76,1700,NaN
856,open,0.55,-0.54,1700,NaN
857,open,93.03,1.8,1700,NaN
858,open,233.8,-2.08,1701,NaN
859,open,286.4,1.96,1702,NaN
860,open,240.97,-30.89,1703,NaN
861,open,269.72,15.06,1703,NaN
862,open,334.55,1.08,1704,NaN
863,open,157.23,-8.47,1705,NaN
864,open,172.26,-5.65,1705,NaN
865,open,221.91,-2.39,1706,NaN
866,open,231.15,1.53,1706,NaN
867,open,228.9,2.96,1706,NaN
868,open,275.7,-1.9,1706,NaN
869,open,233.43,-0.33,1708,NaN
870,open,23.93,-0.44,1708,NaN
871,open,195.12,-15.33,1710,NaN
872,open,207.67,-3.79,1710,NaN
873,open,340.05,-0.22,1710,NaN
874,open,95.59,2.04,1710,NaN
875,open,157.9,5.13,1711,NaN
876,open,238.34,2.33,1711,NaN
877,open,237.83,5.84,1711,NaN
878,open,311.51,2.41,1711,NaN
879,open,226.01,-4.44,1713,NaN
880,open,264.17,-1.66,1713,NaN
881,open,193.33,-1.13,1721,NaN
882,open,228.53,-3.28,1721,NaN
883,open,63.19,-2.76,1721,NaN
884,open,346.79,-1.51,1723,NaN
885,open,106.95,0.11,1726,NaN
886,open,307.72,1.57,1727,NaN
887,open,81.3,1.1,1728,NaN
888,open,115.67,-1.19,1732,NaN
889,open,196.69,-0.6,1734,NaN
890,open,14.09,-9.65,1735,NaN
891,open,219.5,-1.74,1737,NaN
892,open,251.05,-2.12,1743,NaN
893,open,244.71,2.26,1748,NaN
894,open,23.87,-2.9,1748,NaN
896,open,176.51,-0.11,1750,NaN
897,open,185.97,-4.11,1750,NaN
898,open,337.94,-1.44,1750,NaN
899,open,101.27,-2.21,1750,NaN
895,open,27.28,-2.75,1750,0.14
900,open,277.9,-0.9,1751,NaN
901,open,288.84,0.69,1751,NaN
903,open,212.92,1.92,1753,NaN
904,open,324.79,-1.19,1753,NaN
902,open,9.28,-2.53,1753,0.37
905,open,75.34,-0.5,1757,NaN
906,open,86.15,-1.7,1758,NaN
907,open,268.7,16.26,1759,NaN
908,open,75.68,0.99,1760,NaN
909,open,27.24,-0.4,1762,NaN
910,open,8.05,0.43,1763,NaN
911,open,37.16,2.63,1763,NaN
912,open,246.33,4.39,1764,NaN
913,open,308.28,-0.09,1764,NaN
914,open,59.4,-0.14,1764,NaN
915,open,75.36,1.3,1764,NaN
916,open,314.67,-0.1,1769,NaN
917,open,330.37,0.33,1771,NaN
918,open,235.59,-3.81,1772,NaN
919,open,279.49,0.15,1772,NaN
920,open,205.61,-4.16,1775,NaN
921,open,203.66,1.65,1775,NaN
922,open,213.22,8.43,1775,NaN
923,open,275.15,-1.14,1775,NaN
924,open,11.74,0.66,1775,NaN
925,open,55.33,0.92,1775,NaN
926,open,293.75,-1.71,1777,NaN
927,open,337.89,-1.24,1777,NaN
928,open,274.69,1.76,1778,-0.07
929,open,227.35,-2.9,1780,NaN
930,open,129.07,-0.35,1786,NaN
931,open,197.03,0.98,1786,NaN
932,open,191.07,6.27,1786,NaN
933,open,241.65,-10.32,1786,NaN
934,open,280.52,-5.28,1786,NaN
935,open,240.01,-9.64,1789,NaN
936,open,286.23,-0.31,1789,NaN
937,open,340.37,1.88,1790,NaN
938,open,81.75,0.72,1790,NaN
939,open,32.17,-1.19,1791,NaN
940,open,207.49,-3.15,1791,NaN
941,open,217.32,-1.37,1791,NaN
942,open,238.22,-8.13,1791,NaN
943,open,291.25,2.6,1791,NaN
944,open,308.01,2.01,1791,NaN
945,open,314.63,-4.47,1791,NaN
946,open,72.64,2.05,1791,NaN
947,open,76.67,-4.01,1791,NaN
948,open,292.49,13.42,1792,NaN
949,open,329.74,-2.2,1793,0.14
950,open,48.86,-0.93,1796,NaN
951,open,231.79,-0.59,1797,NaN
952,open,235.94,-2.52,1797,NaN
953,open,307.52,-2.06,1797,NaN
954,open,127.29,-9.97,1799,NaN
955,open,114.56,-2.5,1800,-0.38
956,open,115.53,-5.37,1800,-0.24
957,open,175.65,-3.66,1800,-0.1
958,open,95.9,12.3,1800,NaN
960,open,162.09,-2.4,1800,NaN
961,open,96.62,-2.02,1800,NaN
962,open,105.47,1.21,1800,NaN
963,open,106.64,0.38,1800,NaN
964,open,110.7,2.67,1800,NaN
965,open,115.79,-1.59,1800,NaN
959,open,146.98,-3.71,1800,0.07
966,open,133.99,-1.26,1801,NaN
967,open,113.02,-1.06,1801,NaN
968,open,325.79,-3,1802,NaN
969,open,355.12,0.2,1802,NaN
970,open,19.88,-1.35,1802,NaN
971,open,88.56,-3.55,1802,NaN
972,open,73.19,1,1803,NaN
973,open,267.47,0.65,1808,NaN
974,open,192.87,-2.28,1810,NaN
975,open,256.96,4.06,1811,NaN
976,open,305.54,-4.34,1811,NaN
977,open,79.57,1.89,1813,NaN
978,open,77.99,-3.39,1817,NaN
979,open,349.14,-1.75,1818,NaN
980,open,79.32,1.3,1818,NaN
981,open,81.89,0.8,1818,NaN
983,open,174.65,3.69,1819,NaN
984,open,279.84,-1.72,1819,NaN
985,open,279.61,0.39,1819,NaN
986,open,264.8,22.28,1819,NaN
987,open,315.17,-3.25,1819,NaN
988,open,87.93,-15.83,1819,NaN
989,open,101.99,-0.57,1819,NaN
982,open,307.52,3.53,1819,0.12
990,open,344.95,0.46,1820,NaN
991,open,242.58,-0.33,1821,NaN
992,open,114.3,-2.65,1821,NaN
993,open,220.42,9.85,1824,NaN
994,open,295.44,-7.09,1825,NaN
995,open,300.65,-3.79,1828,NaN
996,open,0.02,-1.86,1828,NaN
997,open,264.17,0.19,1829,NaN
998,open,8.3,-1.04,1830,NaN
999,open,250.65,8.91,1831,NaN
1000,open,241.33,-15.25,1833,NaN
1001,open,232.15,6.17,1833,NaN
1002,open,248.21,0.14,1834,NaN
1003,open,133.85,1.15,1835,NaN
1004,open,183.52,-2.29,1836,NaN
1005,open,235.86,-0.45,1836,NaN
1006,open,123.61,-0.74,1841,NaN
1007,open,347.9,-0.68,1841,NaN
1008,open,60.13,-1.8,1841,NaN
1009,open,342.71,1.21,1844,NaN
1010,open,237.82,-6.85,1847,NaN
1011,open,273.7,0.38,1847,NaN
1012,open,310.26,2.09,1847,NaN
1013,open,22.92,-3.42,1848,NaN
1014,open,118.97,-3.3,1850,NaN
1015,open,176.56,-3.05,1850,NaN
1016,open,112.84,-2.87,1850,NaN
1017,open,341.98,-1.55,1855,0.02
1018,open,300.26,-1.32,1859,NaN
1019,open,120.67,0.56,1861,NaN
1020,open,202.4,-5.15,1861,NaN
1021,open,182.06,0.41,1863,NaN
1022,open,281,-0.26,1863,NaN
1023,open,79.87,1.18,1863,NaN
1024,open,221.17,1.18,1864,NaN
1025,open,274.8,-1.97,1864,NaN
1026,open,311.21,2.23,1864,NaN
1027,open,240.77,3.65,1865,NaN
1028,open,96.48,-2.12,1867,NaN
1029,open,306.2,-3.49,1870,NaN
1030,open,242.42,-5.78,1871,NaN
1031,open,290.43,-9.84,1871,NaN
1032,open,335.71,-3.44,1872,NaN
1033,open,305.34,0.07,1873,NaN
1034,open,194.75,-3.26,1875,NaN
1035,open,9.41,-13.34,1875,NaN
1036,open,287.68,-3.04,1876,NaN
1037,open,182.56,-0.73,1881,NaN
1038,open,218.15,-0.63,1881,NaN
1039,open,203.84,-7.03,1882,NaN
1040,open,275.31,-1.18,1882,NaN
1042,open,252.32,-3.35,1884,NaN
1041,open,294.37,6.19,1884,0.02
1043,open,188.07,-9.82,1887,NaN
1044,open,89.07,2.59,1887,NaN
1045,open,235.31,7,1888,NaN
1046,open,82.57,0.4,1891,NaN
1047,open,218.5,-14.72,1892,NaN
1048,open,226.34,-19.17,1893,NaN
1049,open,188.8,2.37,1893,NaN
1050,open,242.66,-6.8,1893,NaN
1051,open,327.93,-0.79,1893,NaN
1052,open,18.24,1.71,1895,NaN
1053,open,233.05,-1.84,1899,NaN
1054,open,136.3,-2.63,1900,NaN
1055,open,135.42,-0.5,1900,NaN
1056,open,134.51,2.06,1900,NaN
1057,open,137.29,5.35,1900,NaN
1058,open,176.17,6.01,1900,NaN
1059,open,98.06,-12.81,1900,NaN
1060,open,264.71,0.28,1904,NaN
1061,open,64.86,-4.93,1904,NaN
1062,open,116.18,-10.59,1905,NaN
1063,open,207.23,3.64,1905,NaN
1064,open,222.46,-1.7,1905,NaN
1065,open,219.38,6.14,1905,NaN
1066,open,235.59,-1.57,1905,NaN
1067,open,244.94,1.08,1905,NaN
1068,open,129.82,-18.23,1907,NaN
1069,open,118.46,-10.75,1908,NaN
1070,open,200.17,1.1,1916,NaN
1071,open,19.61,-1.03,1916,NaN
1072,open,75.52,1.5,1916,NaN
1073,open,203.8,-6.29,1917,NaN
1074,open,219.47,-10.56,1918,NaN
1075,open,173.09,0.05,1919,NaN
1076,open,290.79,0.1,1920,NaN
1077,open,296.32,-0.48,1920,NaN
1078,open,213.88,-4.35,1922,NaN
1079,open,214.43,2.74,1923,NaN
1080,open,236.55,-14.37,1925,NaN
1081,open,219.83,0.01,1925,NaN
1082,open,226.61,-2.55,1928,NaN
1083,open,283.12,-1.45,1928,NaN
1084,open,72.1,-0.51,1928,NaN
1085,open,27.87,0.28,1930,NaN
1086,open,200.78,0.62,1933,NaN
1087,open,126.82,0.37,1934,NaN
1088,open,130.22,-6.3,1934,NaN
1089,open,197.8,-2.31,1934,NaN
1090,open,96.11,1.57,1934,NaN
1091,open,237.93,-5.1,1935,NaN
1092,open,226.13,7.79,1935,NaN
1093,open,290.54,-0.81,1939,NaN
1094,open,282.97,-3.08,1940,NaN
1095,open,242.7,5.56,1941,NaN
1096,open,99.78,-2.24,1942,NaN
1097,open,217.35,-0.07,1943,NaN
1098,open,207.64,-1.55,1944,NaN
1099,open,189.71,15.16,1946,NaN
1100,open,330.95,-0.87,1948,NaN
1101,open,352.6,-2.16,1948,NaN
1102,open,97.48,5.62,1948,NaN
1103,open,277.83,0.68,1949,NaN
1104,open,311.59,2.1,1949,NaN
1105,open,320.25,-0.29,1950,NaN
1106,open,256.41,-5.71,1951,NaN
1107,open,39.1,-1.68,1951,NaN
1108,open,214.43,-5.52,1952,NaN
1109,open,219.13,-0.68,1952,NaN
1110,open,213.8,5.21,1952,NaN
1111,open,308.26,2.22,1952,NaN
1112,open,72.41,0.92,1952,NaN
1113,open,117.38,10.79,1952,NaN
1114,open,114.72,-11.33,1953,NaN
1115,open,233.26,-5.98,1958,NaN
1116,open,300.46,-0.66,1963,NaN
1117,open,319.88,0.78,1963,NaN
1118,open,157.06,-3.67,1964,NaN
1119,open,215.31,-2.29,1964,NaN
1120,open,210.42,1.48,1964,NaN
1121,open,219.3,6.02,1964,NaN
1122,open,243.34,1.64,1964,NaN
1123,open,110.19,11.41,1964,NaN
1124,open,52.5,14.13,1965,NaN
1125,open,270.72,2.15,1966,NaN
1126,open,290.15,2.91,1968,NaN
1127,open,271.98,-4.34,1976,NaN
1128,open,314.7,-0.3,1978,NaN
1129,open,53.21,3.35,1978,NaN
1130,open,355.76,-5.28,1982,NaN
1131,open,116.31,0.66,1988,NaN
1132,open,190.18,9.72,1989,NaN
1133,open,277.09,-0.82,1991,NaN
1134,open,65.18,-2.4,1993,NaN
1135,open,196.66,-3,1994,NaN
1136,open,196.9,0.61,1994,NaN
1137,open,290.7,0.2,1997,NaN
1138,open,235.38,0.14,1998,NaN
1139,open,113.96,-3.12,1998,NaN
1140,open,289.86,-5.55,1999,NaN
1141,open,122.84,22.38,2000,-0.01
1142,open,123.55,5.6,2000,NaN
1143,open,123.99,1.08,2000,NaN
1144,open,131.58,-2.81,2000,NaN
1145,open,138.1,-4.75,2000,NaN
1146,open,154.82,2.48,2000,NaN
1147,open,168.28,1.42,2000,NaN
1148,open,110.56,0.16,2000,NaN
1149,open,115.18,8.62,2000,NaN
1150,open,111.29,-5.37,2000,NaN
1151,open,114.6,0.22,2000,NaN
1152,open,116.56,-0.58,2000,NaN
1153,open,53.76,0.17,2003,NaN
1154,open,35,-6.06,2004,NaN
1155,open,134.13,1.34,2006,NaN
1156,open,152.33,11.34,2007,NaN
1157,open,134.05,0.84,2009,NaN
1158,open,266.41,-3,2010,NaN
1159,open,38.59,-1.68,2010,NaN
1160,open,115.19,-1,2012,NaN
1161,open,101.89,-4.59,2013,NaN
1162,open,95.67,0.23,2014,NaN
1163,open,287.03,-0.28,2017,NaN
1164,open,331.47,-0.6,2023,NaN
1165,open,26.44,1.75,2023,NaN
1166,open,306.02,0.05,2024,NaN
1167,open,79.3,0.3,2024,NaN
1168,open,216.19,-13.49,2025,NaN
1169,open,206.97,-1.15,2025,NaN
1170,open,221.84,-2,2025,NaN
1171,open,285.05,-1.89,2025,NaN
1172,open,331.13,-0.52,2031,NaN
1173,open,211.25,-3.87,2032,NaN
1174,open,275.49,-1.17,2032,NaN
1175,open,194.35,-10.17,2035,NaN
1176,open,17.44,-10.66,2037,NaN
1177,open,118.55,-7.79,2038,NaN
1178,open,215.69,-6.15,2038,NaN
1179,open,3.36,2.59,2041,NaN
1180,open,70.92,1.28,2047,NaN
1181,open,322.18,0.6,2049,NaN
1182,open,333.25,0.07,2053,NaN
1183,open,9.13,-0.73,2056,-0.36
1184,open,136.6,2.96,2056,NaN
1185,open,184.95,-10.5,2056,NaN
1186,open,181.83,-3.09,2056,NaN
1187,open,320.13,-0.62,2056,NaN
1188,open,251.96,-18.04,2057,NaN
1189,open,242.59,-4.16,2057,NaN
1190,open,236.28,0.28,2057,NaN
1191,open,307.47,1.33,2059,NaN
1192,open,19.99,-1.4,2062,NaN
1193,open,334.4,-2.34,2065,NaN
1194,open,259.9,0.34,2068,NaN
1195,open,236.06,-4.64,2069,NaN
1196,open,339.48,-0.32,2069,NaN
1197,open,31.84,-0.11,2069,NaN
1198,open,185.88,-9.78,2070,NaN
1199,open,206.51,13.88,2070,NaN
1200,open,267.62,-2.06,2070,NaN
1201,open,285.51,-2.35,2070,NaN
1202,open,235.38,-2.4,2074,NaN
1203,open,252.67,13.82,2076,NaN
1204,open,195.59,-3.6,2082,NaN
1205,open,180.55,4.63,2088,NaN
1206,open,201.87,-0.19,2088,NaN
1207,open,210.09,-0.77,2088,NaN
1208,open,239.78,2.73,2088,NaN
1209,open,310.74,0.11,2088,NaN
1210,open,317.02,0.6,2088,NaN
1211,open,315.92,-1.73,2088,NaN
1212,open,70.3,1.72,2088,NaN
1213,open,217.05,6.15,2089,NaN
1214,open,39.88,-1.27,2093,NaN
1215,open,123.19,2.92,2094,NaN
1216,open,206.94,2.79,2095,NaN
1217,open,307.58,1.19,2095,NaN
1218,open,294.5,-1.31,2098,NaN
1219,open,129.47,-0.95,2100,NaN
1220,open,143.03,-3.97,2100,NaN
1221,open,170.32,-17.12,2100,NaN
1222,open,179.58,-9.25,2100,NaN
1223,open,179.66,-0.51,2100,NaN
1224,open,109.12,1.11,2100,NaN
1225,open,110.9,0.07,2100,NaN
1226,open,109.45,-11.55,2100,NaN
1227,open,115.93,0.67,2101,NaN
1228,open,70.24,-2.61,2103,NaN
1229,open,65.04,3.19,2105,NaN
1230,open,7.91,-0.02,2106,NaN
1231,open,51.36,-10.31,2108,NaN
1232,open,48.52,-0.16,2110,NaN
1233,open,197.19,-3.41,2120,NaN
1234,open,328.54,-0.98,2120,NaN
1235,open,126.45,11.89,2121,NaN
1236,open,239.3,2.33,2121,NaN
1237,open,185.44,2.89,2127,NaN
1238,open,203.39,11.8,2128,-0.07
1239,open,302.8,1.29,2132,NaN
1240,open,246.42,-4.05,2134,NaN
1241,open,243.99,-2.07,2134,NaN
1242,open,340.11,7.27,2136,NaN
1243,open,191.9,0.83,2140,NaN
1244,open,314.84,1,2141,NaN
1245,open,200.69,-11.49,2143,NaN
1247,open,126.31,1.03,2146,NaN
1246,open,355.67,-1.17,2146,0.11
1248,open,184.12,-0.44,2149,NaN
1249,open,218.75,0.38,2151,NaN
1250,open,122.62,4.32,2153,NaN
1251,open,177.08,-0.21,2153,NaN
1252,open,271.94,-0.8,2153,NaN
1253,open,35.6,11.12,2153,NaN
1254,open,87.14,2.58,2153,NaN
1255,open,85.41,0.01,2153,NaN
1256,open,266.77,19.1,2154,NaN
1257,open,312.34,11.13,2154,NaN
1258,open,299.73,0.84,2155,0.11
1259,open,242.51,11.79,2160,NaN
1260,open,118.59,-19.41,2164,NaN
1261,open,192.03,1.02,2167,NaN
1262,open,220.87,-2.46,2173,NaN
1263,open,246.76,-10.74,2173,NaN
1264,open,248.94,-4.14,2173,NaN
1265,open,65.7,1.19,2173,NaN
1266,open,236.27,0.07,2178,NaN
1267,open,196.9,-2.54,2180,NaN
1268,open,28.21,-2.21,2180,NaN
1269,open,110.97,-0.74,2180,NaN
1270,open,257.25,4.27,2181,NaN
1271,open,270.75,6.71,2183,-0.37
1272,open,85.11,-1.21,2183,NaN
1273,open,121.96,1.2,2186,NaN
1274,open,182.44,0.22,2186,NaN
1275,open,348.11,-3.29,2186,NaN
1276,open,197.79,-3.32,2187,NaN
1277,open,267.81,-2.7,2187,NaN
1278,open,274.62,5.99,2187,NaN
1279,open,291.2,-0.72,2187,NaN
1280,open,226.17,-3.9,2190,NaN
1281,open,288.68,0.43,2194,NaN
1282,open,328.85,-0.47,2194,NaN
1283,globular,350.97,15.98,2199,-0.85
1284,open,128.03,-1.81,2199,NaN
1285,open,143.77,-4.28,2200,-0.3
1287,open,124.69,-0.6,2200,NaN
1288,open,127.19,0.74,2200,NaN
1289,open,132.22,-1.23,2200,NaN
1290,open,138.12,-8.12,2200,NaN
1291,open,140.94,0.92,2200,NaN
1292,open,275.96,-2.4,2200,NaN
1293,open,76.84,-4.23,2200,NaN
1294,open,116.42,-0.78,2200,NaN
1286,open,105.36,9.49,2200,0.08
1295,open,138.62,8.88,2201,-0.49
1296,open,217.77,-6.65,2201,NaN
1297,open,98.7,1.53,2201,NaN
1298,open,292.89,-2.4,2202,NaN
1299,open,121.78,-10.5,2203,NaN
1300,open,212.46,-0.86,2204,NaN
1301,open,239.73,2.4,2204,NaN
1302,open,3.57,-16.97,2207,NaN
1303,open,291.38,0.48,2208,NaN
1304,open,278.66,-1.08,2209,NaN
1305,open,110.86,13.08,2210,NaN
1306,open,289.43,-1.96,2211,0.2
1307,open,33.55,-2.23,2213,NaN
1308,open,338,-1.07,2214,NaN
1309,open,177.09,0.2,2220,NaN
1310,open,217.67,-2.74,2220,NaN
1311,open,269.31,2.98,2220,NaN
1312,open,60.39,10.96,2220,NaN
1313,open,86.2,-1.07,2220,NaN
1314,open,284.61,0.03,2221,-0.34
1315,open,217.75,-0.7,2221,NaN
1316,open,239.96,-9.32,2221,NaN
1317,open,268.63,3.22,2221,NaN
1318,open,307.14,0.25,2226,0.04
1319,open,277.7,-0.45,2228,NaN
1320,open,305.39,0.11,2231,NaN
1321,open,251.55,-5.02,2234,NaN
1322,open,275.08,6.4,2234,NaN
1323,open,237.44,-11.21,2237,NaN
1324,open,247.95,-4.16,2237,NaN
1325,open,332.84,-0.59,2240,NaN
1326,open,180.67,-3.58,2241,NaN
1327,open,197.56,-10.28,2241,NaN
1328,open,292.42,-4.29,2241,NaN
1329,open,259.54,4.35,2242,NaN
1330,open,115.36,14.81,2251,NaN
1331,open,180.86,4.13,2254,NaN
1333,open,228.95,-3.8,2255,NaN
1334,open,243.21,-0.62,2255,NaN
1335,open,262.68,19.84,2255,NaN
1336,open,300.02,4.89,2255,NaN
1332,open,246.72,-0.77,2255,0.08
1337,open,288.02,-0.85,2261,NaN
1338,open,241.06,-3.08,2262,NaN
1339,open,3.56,1.93,2264,NaN
1340,open,273.62,0.94,2269,NaN
1341,open,301.53,4.44,2269,NaN
1342,open,210.78,-0.26,2272,NaN
1343,open,137.19,3.02,2273,NaN
1344,open,247.16,0.51,2273,NaN
1345,open,294.33,-1.71,2273,NaN
1346,open,109.09,-0.35,2275,NaN
1347,open,222.64,-0.5,2276,NaN
1348,open,237.91,-8.12,2276,NaN
1349,open,317.12,0.17,2282,NaN
1350,open,233.24,-0.94,2283,NaN
1351,open,170.9,-11.18,2289,NaN
1352,open,27.73,-0.67,2289,NaN
1353,open,62.7,1.35,2289,NaN
1354,open,204.6,-1.32,2290,NaN
1355,open,223.23,-4.09,2290,NaN
1356,open,276.19,0.69,2290,NaN
1357,open,243.07,1.29,2291,NaN
1358,open,77.39,-3.43,2293,NaN
1359,open,1,-1.89,2295,NaN
1360,open,70.98,2.58,2296,NaN
1361,open,135.14,-1.82,2297,NaN
1362,open,134.62,-3.73,2300,-0.3
1363,open,129.37,-1.54,2300,NaN
1364,open,139.69,-1.33,2300,NaN
1365,open,91.2,-1.67,2300,NaN
1366,open,97.89,1.14,2300,NaN
1367,open,100.06,-0.33,2300,NaN
1368,open,105.74,0.06,2300,NaN
1369,open,111.33,-0.26,2300,NaN
1370,globular,338.16,-11.95,2301,-1.65
1371,open,118.4,-6.95,2301,NaN
1372,open,130.31,10.73,2301,NaN
1373,open,97.33,0.45,2301,NaN
1374,open,72.18,2.61,2303,NaN
1375,open,128.55,1.74,2304,NaN
1376,open,186.47,-9.69,2304,NaN
1377,open,225.33,-5.56,2304,NaN
1378,open,67.34,-10.63,2304,NaN
1379,open,173.51,2.78,2307,NaN
1380,open,199.63,1.58,2308,NaN
1381,open,308.23,0.34,2309,NaN
1382,open,186.37,1.25,2311,NaN
1383,open,249.2,-0.09,2311,NaN
1384,open,241.65,11.57,2311,NaN
1385,open,11.99,-0.97,2318,0.18
1386,open,288.45,-0.64,2322,NaN
1387,open,122.1,1.32,2325,NaN
1388,open,207.15,-18.2,2325,NaN
1389,open,213.97,-8.3,2325,NaN
1390,open,222.17,-6.11,2325,NaN
1391,open,354.25,-0.93,2325,NaN
1392,open,12.83,-1.31,2325,NaN
1393,open,17.17,-2.27,2325,NaN
1394,open,332.88,-16,2326,NaN
1395,open,248.34,10.02,2330,NaN
1396,open,72.06,-1,2331,NaN
1397,open,250.43,1.57,2340,NaN
1398,open,269.9,18.37,2340,NaN
1399,open,264.69,11.34,2343,NaN
1400,open,135.01,-3.59,2345,-0.3
1401,open,232.54,-5.85,2345,NaN
1402,open,317.41,-1.08,2352,NaN
1403,open,322.9,-3.03,2357,NaN
1405,open,225.09,-2,2360,NaN
1406,open,50.03,1.17,2360,NaN
1404,open,73.98,8.49,2360,0.09
1407,open,250.33,0.85,2361,NaN
1408,open,122.82,-8.11,2362,NaN
1409,open,209.66,-1.91,2362,NaN
1410,open,210.48,-1.11,2362,NaN
1411,open,233.53,-2.91,2362,NaN
1412,open,237.73,-0.96,2362,NaN
1413,open,213.27,18.57,2362,NaN
1414,open,302.61,0.74,2368,NaN
1415,open,130.36,11.06,2375,NaN
1416,open,224.02,-1.8,2375,NaN
1417,open,213.41,18.59,2376,NaN
1418,open,295.76,-0.22,2382,NaN
1419,open,243.27,-0.94,2383,NaN
1420,open,219.84,-2.24,2384,NaN
1421,open,161.2,5.4,2390,NaN
1422,open,252.16,-0.63,2391,NaN
1423,open,202.26,-0.7,2394,NaN
1424,open,76.66,4.62,2394,NaN
1425,open,329.79,-1.61,2396,NaN
1426,open,82.1,-1.73,2396,NaN
1427,open,195.53,-2.19,2397,NaN
1428,open,258.68,-0.81,2397,NaN
1429,open,212.44,-0.99,2398,NaN
1430,open,223.7,9.35,2398,NaN
1431,open,275.61,-5.62,2398,NaN
1432,open,85.16,-12.06,2398,NaN
1433,open,128.21,-1.15,2399,NaN
1434,open,121.56,-0.88,2400,NaN
1435,open,122.78,1.22,2400,NaN
1436,open,126.64,-4.39,2400,NaN
1437,open,130.55,-0.57,2400,NaN
1438,open,130.2,1.55,2400,NaN
1439,open,92.51,-0.28,2400,NaN
1440,open,115.12,0.32,2400,NaN
1441,open,116.12,-0.14,2400,NaN
1442,open,74.8,0.56,2405,NaN
1443,open,6.59,0.79,2418,NaN
1444,open,252.28,2.46,2421,NaN
1445,open,326.45,0.92,2422,NaN
1446,open,181.27,-11.5,2428,NaN
1447,open,232.59,5.57,2428,NaN
1448,open,284.67,1.17,2430,NaN
1449,open,238.48,-4.29,2434,NaN
1450,open,257.07,-5.26,2434,NaN
1451,open,266.04,-9.44,2434,NaN
1452,open,331.36,-0.03,2434,NaN
1453,open,7.95,0.32,2434,NaN
1454,open,31.16,0.92,2434,NaN
1455,open,204.57,6.28,2436,NaN
1456,open,226.11,-2.33,2436,NaN
1457,open,244.84,1.63,2436,NaN
1458,open,306.72,-11.49,2436,NaN
1459,open,285.85,0.07,2441,NaN
1460,open,93.84,-5.38,2443,NaN
1461,open,180.53,0.81,2449,NaN
1462,open,202.11,-5.54,2450,NaN
1463,open,51.16,-8.25,2451,NaN
1464,open,295.21,-0.66,2454,NaN
1465,open,330.12,-6.72,2466,NaN
1466,open,78.41,2.61,2466,NaN
1467,open,355.27,-2.39,2471,NaN
1468,open,79.11,-9.78,2471,NaN
1469,open,92.72,0.45,2472,NaN
1470,open,228.94,4.51,2473,-0.22
1471,open,307.21,-16.35,2473,NaN
1472,open,313.59,-30.75,2473,NaN
1473,open,263.76,-0.4,2479,NaN
1474,open,289.85,-1.78,2485,NaN
1475,open,354.77,-2.85,2486,NaN
1476,open,13.42,1.17,2488,NaN
1477,open,33.39,11.18,2495,NaN
1478,open,36.58,10.85,2496,NaN
1479,open,174.09,-8.85,2499,NaN
1480,open,130.11,-0.98,2500,NaN
1481,open,135.34,-0.2,2500,NaN
1482,open,170.13,-15.81,2500,NaN
1483,open,176.58,-7.64,2500,NaN
1484,open,175.55,1.22,2500,NaN
1485,open,91.02,-4.4,2500,NaN
1486,open,99.73,-0.13,2500,NaN
1487,open,104.72,2.83,2500,NaN
1488,open,103.09,-3.41,2500,NaN
1489,open,112.22,0.23,2500,NaN
1490,open,112.87,0.18,2500,NaN
1491,open,119.77,-1.37,2501,NaN
1492,open,127.59,3.39,2501,NaN
1493,open,129.4,5.8,2501,NaN
1494,open,135.84,0.25,2501,NaN
1495,open,162.89,-9.18,2501,NaN
1496,open,162.53,1.35,2501,NaN
1497,open,116.21,-0.39,2501,NaN
1498,open,117.01,2.39,2501,NaN
1499,open,47.73,-1,2509,NaN
1500,open,210.57,-2.11,2511,-0.4
1501,open,292.17,2.6,2511,NaN
1502,open,9.7,0.77,2525,NaN
1503,open,89.6,-0.42,2530,NaN
1504,open,348.55,5.85,2532,NaN
1505,open,88.73,1.05,2533,NaN
1506,open,123.12,-3.04,2534,NaN
1507,open,248.05,0.26,2534,NaN
1508,open,50.41,-1.32,2537,NaN
1509,open,281.51,-1.99,2541,NaN
1510,open,69.55,-9.66,2542,NaN
1511,open,234.58,0.83,2549,NaN
1512,open,266.13,-9.37,2549,NaN
1513,open,107.77,-1.02,2550,NaN
1514,open,290.89,0.13,2554,NaN
1515,open,272.49,2.87,2558,-0.4
1516,open,15.09,-18,2566,NaN
1517,open,295.38,-0.53,2569,NaN
1518,open,103.33,2.2,2578,NaN
1519,open,307.12,-1.64,2588,NaN
1520,open,355.51,0.98,2588,NaN
1521,open,70.66,-0.16,2588,NaN
1522,open,210.6,-8.24,2589,NaN
1523,open,242.56,1.43,2589,NaN
1524,open,249.61,2.35,2589,NaN
1525,open,297.7,-0.21,2589,NaN
1526,open,246.33,-4.76,2597,NaN
1527,open,120.74,0.39,2600,NaN
1528,open,130.13,0.38,2600,NaN
1529,open,158.57,-1.58,2600,NaN
1530,open,177.37,-3.5,2600,NaN
1531,open,179.95,-0.29,2600,NaN
1532,open,178.77,1.18,2600,NaN
1533,open,273.12,-0.76,2600,NaN
1534,open,103.13,-1.19,2600,NaN
1535,open,359.48,-1.59,2605,-0.34
1536,open,226.58,-2.33,2605,NaN
1537,open,117.72,-0.94,2609,NaN
1538,open,215.18,1.95,2610,NaN
1539,open,141.15,-14.71,2613,NaN
1540,open,1.24,-1.09,2626,NaN
1541,open,149.8,-1.03,2628,NaN
1542,open,282.15,-0.33,2628,NaN
1543,open,309.19,0.18,2628,NaN
1544,open,345.39,1.51,2628,NaN
1545,open,64.09,-1.29,2628,NaN
1546,open,85.68,-1.51,2629,NaN
1547,open,298.02,7.43,2630,NaN
1548,open,291.93,-3.16,2634,NaN
1549,open,199,-10.4,2637,NaN
1550,open,307.05,2.8,2642,-0.1
1551,open,232.33,-7.31,2642,NaN
1552,open,72.71,7.55,2642,NaN
1553,open,262.92,-1.89,2644,NaN
1554,open,111.59,0.56,2644,NaN
1555,open,71.1,0.84,2645,NaN
1556,open,298.98,-1.81,2652,NaN
1557,open,84.87,3.8,2652,NaN
1558,open,242.09,0.47,2654,-0.11
1559,open,204.38,-1.71,2654,NaN
1560,open,218.19,-0.4,2661,NaN
1561,open,271.35,9.54,2662,NaN
1562,open,270.75,3.21,2663,NaN
1563,open,196.19,-1.22,2669,NaN
1564,open,211.28,16.55,2669,NaN
1565,open,55.77,-0.17,2669,NaN
1566,open,205.12,-3.99,2670,NaN
1567,open,197.27,0.42,2670,NaN
1568,open,301.71,-18.71,2671,NaN
1569,open,320.96,5.87,2681,NaN
1570,open,301.69,-5.52,2683,-0.03
1571,open,74.31,1.27,2685,NaN
1572,open,289.13,-0.67,2686,NaN
1573,open,331.89,-0.26,2686,NaN
1574,open,34.33,-2.77,2687,NaN
1575,open,104.06,0.88,2692,NaN
1576,open,72.52,1.86,2694,NaN
1577,open,185.75,14.4,2695,NaN
1578,open,291.51,-9.15,2695,NaN
1579,open,116.75,-1.33,2700,NaN
1580,open,145.89,-2.97,2700,NaN
1581,open,169.65,0.05,2700,NaN
1582,open,94.45,-0.75,2700,NaN
1583,open,102.69,0.78,2700,NaN
1584,open,113.65,2.46,2700,NaN
1585,open,249.44,4.48,2701,NaN
1586,open,103.55,-2.65,2701,NaN
1587,open,168.64,-13.72,2702,NaN
1588,open,299.67,2.26,2702,NaN
1589,open,75.71,1.21,2702,NaN
1590,open,239.87,-1.8,2706,NaN
1591,open,180.57,5.58,2710,NaN
1592,open,282.83,0.64,2710,NaN
1593,open,355.31,-4.32,2710,NaN
1594,open,188.4,-8.81,2711,NaN
1595,open,9.87,-13.79,2711,NaN
1596,open,251.58,6.67,2712,-0.12
1597,open,262.08,-5.15,2720,NaN
1598,open,259.54,4.44,2720,NaN
1599,open,207.66,2.34,2724,-0.7
1600,open,132.32,-1.02,2726,NaN
1601,open,132.16,-0.74,2735,NaN
1602,open,7.77,8.48,2735,NaN
1603,open,67.62,0.86,2735,NaN
1604,open,63.14,0.45,2743,NaN
1605,open,108.49,-0.4,2750,NaN
1606,open,117.47,5.95,2750,NaN
1607,open,202.8,1.01,2753,-0.3
1608,open,210.83,-1.04,2753,NaN
1609,open,258.86,-3.33,2754,-0.07
1610,open,62.33,0.27,2769,NaN
1611,open,212.29,-0.41,2778,NaN
1612,open,137.75,-2.91,2787,NaN
1613,open,63.45,0.83,2787,NaN
1614,open,275,-1.9,2792,NaN
1615,open,197.62,-16.55,2795,NaN
1616,open,256.74,13.26,2795,NaN
1617,open,276.92,4.53,2795,NaN
1618,open,297.53,-1.75,2795,NaN
1619,open,246.76,3.38,2796,NaN
1620,open,294.98,-1.76,2796,NaN
1621,open,58.29,-2.48,2796,NaN
1622,open,174.44,-1.85,2799,NaN
1623,open,338.55,-1.14,2799,NaN
1624,open,120.85,0.51,2800,NaN
1625,open,155.06,5.92,2800,NaN
1626,open,211.99,-1.3,2800,NaN
1627,open,111.53,0.81,2800,NaN
1628,open,115.78,1.24,2800,NaN
1629,open,115.78,1.01,2800,NaN
1630,open,136.05,-1.16,2801,NaN
1631,open,176.76,0.1,2801,NaN
1632,open,179.29,1.28,2801,NaN
1633,open,91.04,-2.73,2801,NaN
1634,open,197.24,-2.35,2804,NaN
1635,open,186.1,-13.48,2812,NaN
1636,open,51.09,-1.16,2814,NaN
1638,open,281.15,-1.66,2817,NaN
1637,open,265.93,-3.01,2817,0.04
1639,open,309.29,20.6,2818,NaN
1640,open,334.66,0.43,2820,NaN
1641,open,100.93,8.89,2820,NaN
1642,open,224.9,-2.14,2821,NaN
1643,open,216.83,0.78,2830,NaN
1644,open,355.47,0.38,2837,NaN
1645,open,29.11,-1.72,2837,NaN
1646,open,186.58,2.15,2839,NaN
1647,open,217.49,-0.02,2839,NaN
1648,open,238.32,-3.64,2839,NaN
1649,open,243.98,-1.13,2839,NaN
1650,open,83.14,4.84,2839,NaN
1651,open,36.31,-3.21,2847,NaN
1652,open,117.16,6.49,2850,-0.27
1653,open,298.2,-0.52,2856,NaN
1654,open,248.69,-0.15,2860,NaN
1655,open,68.12,1.43,2860,NaN
1656,open,292.82,-1.2,2863,NaN
1657,open,220.34,-7.73,2864,NaN
1658,open,238.36,-6.8,2865,-0.11
1659,open,332.35,0.6,2867,NaN
1660,open,197.32,-2.1,2874,NaN
1661,open,231.4,1.93,2874,NaN
1662,open,299.3,4.56,2874,NaN
1663,open,296.47,-5.05,2879,NaN
1664,open,358.26,2.04,2879,NaN
1665,open,198.11,19.63,2880,-0.38
1666,open,192.83,-18.06,2882,NaN
1667,open,223.28,-0.49,2883,NaN
1668,open,44.04,-3.85,2883,NaN
1669,open,189.58,-0.76,2886,NaN
1670,open,261.51,6.24,2889,NaN
1671,open,201.22,3.28,2892,NaN
1672,open,248.25,-0.19,2892,NaN
1673,open,247.7,-2.53,2899,NaN
1674,open,69.1,0.52,2900,NaN
1675,open,116.58,-1.02,2900,NaN
1676,open,137.87,-1.74,2901,NaN
1677,open,210.69,-0.06,2910,NaN
1678,open,246.97,-0.93,2910,NaN
1679,open,344.73,1.61,2910,NaN
1680,open,288.38,0.02,2918,NaN
1681,open,271.75,3.86,2919,NaN
1682,open,66.13,-6.32,2920,NaN
1683,open,116.45,-2.99,2926,NaN
1684,open,111.19,2.76,2926,NaN
1685,open,305.54,0.36,2927,NaN
1686,open,202.69,-3.82,2928,NaN
1687,open,204.32,0.03,2928,NaN
1688,open,234.25,-2.82,2928,NaN
1689,open,237.56,3.18,2928,NaN
1690,open,230.27,0.62,2932,NaN
1691,open,294.04,-2.01,2932,NaN
1692,open,294.81,-1.63,2937,NaN
1693,open,10.25,0.34,2940,NaN
1694,open,309.34,-0.22,2948,NaN
1695,open,101.29,8.86,2953,NaN
1696,open,195.29,4.51,2955,NaN
1697,open,247.8,1.32,2955,NaN
1698,open,227,-2.87,2964,NaN
1699,open,25.93,6.65,2971,NaN
1700,open,220.04,-0.14,2972,NaN
1701,open,19.49,-0.18,2972,NaN
1702,open,203.96,-7.27,2973,NaN
1703,open,338.96,-26.19,2974,NaN
1704,open,188.11,0.13,2977,NaN
1705,open,193.85,2.33,2981,NaN
1706,open,184.9,3.12,2982,NaN
1707,open,303.62,-2.09,2990,NaN
1708,open,162.9,4.32,2991,NaN
1709,open,195.94,1.67,2991,NaN
1710,open,177.92,0.5,2999,NaN
1711,globular,5.83,-2.2,3000,-1.25
1713,open,126.11,-3.91,3000,NaN
1714,open,147.08,-0.52,3000,NaN
1715,open,147.51,5.66,3000,NaN
1716,open,163,0.12,3000,NaN
1717,open,167.29,-0.74,3000,NaN
1718,open,179.92,1.73,3000,NaN
1719,open,236.76,-6.26,3000,NaN
1720,open,114.5,2.63,3000,NaN
1712,open,146.65,-8.91,3000,0.1
1721,open,126.13,0.37,3001,NaN
1722,open,131.15,0.53,3001,NaN
1723,open,167.58,-4.12,3001,NaN
1724,open,187.54,8.25,3001,NaN
1725,open,101.4,-0.6,3001,NaN
1726,open,98.2,-12.77,3001,NaN
1727,open,358.78,-3.98,3007,NaN
1728,open,215.69,-10.08,3009,NaN
1729,open,271.23,7.02,3009,NaN
1730,open,258.57,3.01,3010,NaN
1731,open,276.25,-0.34,3010,NaN
1732,open,285.67,0.09,3015,0.19
1733,open,293.16,-7.11,3019,NaN
1734,open,238.06,-2.41,3021,NaN
1735,open,253.57,-2.11,3022,NaN
1736,open,46.47,2.64,3026,NaN
1737,open,247.34,-10.52,3027,NaN
1738,open,302.92,-6.86,3047,NaN
1739,open,3.75,3.98,3054,NaN
1740,open,201.79,2.11,3060,0.07
1741,open,192.4,3.37,3065,NaN
1742,open,56.3,-4.39,3065,NaN
1743,open,241.72,-7.52,3066,NaN
1744,open,331.51,17.62,3066,NaN
1745,open,263.03,8.96,3074,NaN
1746,open,302.04,-0.24,3078,NaN
1747,open,80.47,0.63,3091,NaN
1748,open,111.82,11.9,3093,NaN
1749,open,220.58,2.49,3095,NaN
1750,open,117.96,-1.29,3100,NaN
1751,open,120.05,-2.07,3100,NaN
1752,open,186.23,-3.21,3102,NaN
1753,open,69.52,-9.55,3104,NaN
1754,open,74.9,3.33,3108,NaN
1755,open,218.51,14.46,3112,NaN
1756,open,256.71,-3.48,3112,NaN
1757,open,260.02,-1.84,3112,NaN
1758,open,229.98,2.85,3113,NaN
1759,open,254.56,6.07,3123,NaN
1760,open,351.46,-0.45,3135,NaN
1761,open,286.05,4.67,3137,NaN
1762,open,225.36,-4.16,3150,NaN
1763,open,57.86,2.62,3150,NaN
1764,open,195.3,2.75,3161,NaN
1765,open,238.77,-15.08,3161,NaN
1766,open,85.89,-4.15,3171,-0.16
1767,open,336.46,0.87,3178,NaN
1768,open,286.23,-1.31,3189,NaN
1769,open,16.82,0.04,3197,NaN
1770,globular,9.89,-7.55,3198,-1.55
1771,open,159.5,8.59,3200,NaN
1772,open,103.72,-2.1,3200,NaN
1773,open,218.78,-9.86,3201,-0.4
1774,open,261.61,-0.66,3208,NaN
1775,open,109.41,-0.24,3208,NaN
1776,open,347.75,-5.51,3210,NaN
1777,open,99.94,-2.67,3210,NaN
1778,open,217.28,6.29,3211,NaN
1779,open,305.18,-10.84,3211,NaN
1780,open,186.52,2.52,3220,NaN
1781,open,110.14,11.2,3220,NaN
1782,open,119.58,5.68,3233,NaN
1783,open,213.23,1.07,3239,NaN
1784,open,243.78,0.37,3246,NaN
1785,open,253.02,-2.02,3254,NaN
1786,open,282.13,-1.36,3258,NaN
1787,open,307.71,-0.56,3258,NaN
1788,open,176.63,0.89,3260,NaN
1789,open,26.64,12.2,3260,NaN
1790,open,311.77,-3.21,3274,NaN
1791,open,72.15,0.3,3292,NaN
1793,open,168.44,1.22,3299,NaN
1792,open,118.84,-1.67,3299,0.07
1795,open,122.24,1.52,3300,NaN
1796,open,173.58,-1.66,3300,NaN
1797,open,182.87,10.44,3300,NaN
1794,open,161.64,-2.02,3300,0.07
1798,open,90.3,3.76,3301,NaN
1799,open,259.93,2.05,3308,NaN
1800,open,340.79,-0.13,3308,NaN
1801,open,45.94,1.07,3308,NaN
1802,open,187.77,10.3,3311,-0.39
1803,open,301.49,2.21,3311,-0.11
1804,open,227.87,0.24,3320,NaN
1805,open,267.62,-5.48,3330,NaN
1806,open,297.77,5.71,3330,NaN
1807,open,100.36,3.61,3330,NaN
1808,open,116.88,8.68,3330,NaN
1809,open,290.67,3.87,3336,NaN
1810,open,218.01,-0.32,3344,NaN
1811,open,70.63,1.76,3354,NaN
1812,open,340.67,0.02,3355,NaN
1813,open,331.35,1.07,3358,NaN
1814,open,231.51,-4.31,3360,NaN
1815,open,268.9,4.11,3360,NaN
1816,open,224.86,-5.77,3361,NaN
1817,open,50.51,-8,3367,NaN
1818,open,231.59,-2.18,3369,NaN
1819,open,54.18,-0.6,3369,NaN
1820,open,19.68,-1.2,3381,NaN
1821,open,346.86,12.21,3393,NaN
1822,open,104.12,3.21,3399,NaN
1823,open,153.41,-1.89,3400,NaN
1824,open,33.68,-2.47,3401,-0.15
1825,open,106.75,-2.96,3402,NaN
1826,open,344.44,-0.44,3411,NaN
1827,open,315.1,-2.65,3412,NaN
1828,open,341.61,0.91,3412,NaN
1829,open,16.67,-0.33,3412,NaN
1830,open,270.22,-5.44,3413,NaN
1831,open,57.47,-1.11,3422,NaN
1832,open,170.61,-8.72,3423,NaN
1833,open,233.72,-7.57,3434,NaN
1834,open,187.26,4.18,3435,NaN
1835,open,54.07,-0.08,3447,NaN
1836,open,190.78,-0.79,3465,NaN
1837,open,263.73,-1.81,3473,NaN
1838,open,305.98,-8.61,3477,NaN
1839,open,338.85,5.82,3481,NaN
1840,open,340.79,-1.03,3490,NaN
1841,open,290.76,-10.52,3494,NaN
1842,open,169.65,-0.07,3497,NaN
1843,open,240.85,-6.54,3497,NaN
1844,open,16.38,6.26,3497,NaN
1845,open,25.7,5.08,3497,NaN
1846,open,116.2,0.34,3500,NaN
1847,open,173.4,10.65,3501,-0.31
1848,open,106.82,3.31,3501,NaN
1849,globular,18.4,16.04,3503,-0.55
1850,open,92.58,-1.63,3508,NaN
1851,open,211.08,1.2,3511,NaN
1852,open,69.92,1.53,3518,NaN
1853,open,120.56,-1.27,3519,NaN
1854,open,230.55,9.93,3526,-0.2
1855,open,352.23,-2.12,3540,NaN
1856,open,105.28,-10.95,3541,NaN
1857,open,258.46,2.28,3552,NaN
1858,open,106.63,-0.38,3552,NaN
1859,open,359.7,-2.43,3567,NaN
1860,open,284.73,-8.5,3575,NaN
1861,open,297.2,-13.13,3575,NaN
1862,open,337.73,-3.66,3584,NaN
1863,open,302.25,-18.1,3597,NaN
1864,open,117.62,1.2,3599,0.07
1865,open,289.09,0.34,3600,NaN
1866,open,54.73,-1.24,3600,NaN
1867,open,170.75,4.64,3601,NaN
1868,open,307.32,3.6,3602,NaN
1869,open,264.6,18.83,3603,NaN
1870,open,339.6,-4.03,3612,NaN
1871,open,193.35,-2.6,3616,NaN
1872,open,112.36,8.75,3616,NaN
1873,open,63.1,-17.39,3620,NaN
1874,open,248.13,-1.22,3628,NaN
1875,open,250.72,0.81,3640,NaN
1876,open,261.52,3.75,3642,NaN
1877,open,239.57,-4.93,3654,NaN
1878,open,44.45,-7.37,3685,NaN
1879,open,134.21,1.07,3700,NaN
1880,open,11.57,3.06,3707,NaN
1881,open,167.69,-1.32,3720,NaN
1882,open,227.17,-10.04,3720,NaN
1883,open,63.84,1.9,3731,NaN
1884,open,0.03,3.44,3739,NaN
1885,open,291.04,-2.08,3740,NaN
1886,open,169.42,3.65,3741,NaN
1887,open,318.43,-6.7,3743,NaN
1888,open,121.23,19.12,3744,NaN
1889,open,187.59,10.34,3744,NaN
1890,open,186.28,-2.56,3753,NaN
1891,open,65.56,-4.05,3776,NaN
1892,open,229.67,1.85,3778,NaN
1893,open,182.74,0.47,3787,NaN
1894,open,255.6,3.95,3789,-0.61
1895,open,226.01,-16.11,3790,-0.32
1896,open,74.63,-2.08,3797,NaN
1897,open,342.06,0.42,3798,NaN
1898,open,111.46,5.17,3801,NaN
1899,open,67.87,-2.84,3810,NaN
1900,open,181.53,-3.91,3816,NaN
1901,open,351.29,-16.61,3830,NaN
1902,open,246.45,-4.47,3834,NaN
1903,open,247.64,2.69,3835,NaN
1904,open,213.46,3.3,3842,-0.17
1905,open,245.88,-1.73,3858,-0.4
1906,open,246.66,-3.25,3858,NaN
1907,open,261.96,12.55,3860,NaN
1908,open,104.17,-2.22,3864,NaN
1909,open,284.44,-4.86,3884,NaN
1910,open,265.42,-2.17,3886,NaN
1911,open,244.55,-6.8,3894,NaN
1912,open,197.21,8.89,3896,-0.32
1913,open,125.74,12.1,3896,NaN
1914,open,158.6,5.68,3900,NaN
1915,open,331.33,-0.33,3917,NaN
1916,open,51.11,-4.04,3918,NaN
1917,open,70.72,0.96,3924,NaN
1918,open,235.61,-4.11,3930,NaN
1919,open,21.25,4.13,3940,NaN
1920,open,87.18,0.98,3948,NaN
1921,open,227.86,5.37,3963,-0.38
1922,open,234.33,-10.33,3969,NaN
1923,open,282.2,-2.19,3973,NaN
1924,open,20.86,4.3,3976,NaN
1925,open,246.51,-5.4,3978,NaN
1926,open,112.05,13.96,3990,NaN
1927,open,132.5,2.5,3991,NaN
1928,globular,56.74,-4.56,3999,-0.75
1929,open,121.63,-1.99,4000,NaN
1930,open,134.16,-1.71,4000,NaN
1931,open,101.36,-1.87,4000,NaN
1932,open,167.68,-0.66,4001,NaN
1933,open,173.7,-1.39,4001,NaN
1934,open,107.1,1.16,4001,NaN
1935,globular,336.49,-25.62,4002,-1.25
1936,open,107.9,0.58,4004,NaN
1937,open,307.72,-5.3,4015,NaN
1938,open,243.55,-9.2,4023,NaN
1939,open,65.91,-2.68,4023,NaN
1940,open,310.69,2.19,4028,NaN
1941,open,213.19,-3.32,4040,NaN
1942,open,112.52,8.65,4051,NaN
1943,open,316.76,-0.04,4069,NaN
1944,open,334.14,0.04,4076,NaN
1945,open,286.53,-2.72,4078,NaN
1946,open,12.29,7.32,4078,NaN
1947,open,22.46,-10.25,4079,NaN
1948,open,276.48,-3.11,4089,NaN
1949,open,135.64,2.27,4101,NaN
1950,open,338.19,0.48,4101,NaN
1951,open,307.05,-5.59,4103,NaN
1952,open,345.17,3.44,4103,NaN
1953,open,273.1,8.77,4104,NaN
1954,open,290.55,-0.95,4129,NaN
1955,open,271.62,0.4,4131,NaN
1956,open,9.24,-10.75,4135,NaN
1957,open,230.98,1.48,4141,NaN
1958,open,234.23,-0.49,4152,NaN
1959,open,282.32,-1.06,4153,NaN
1960,open,321.05,-0.68,4164,NaN
1961,open,96.53,1.25,4166,NaN
1962,open,247.88,-0.11,4167,NaN
1963,open,311.85,3.82,4167,NaN
1964,open,261.49,-0.85,4178,NaN
1965,open,229.88,-1.61,4186,NaN
1966,open,237.87,-3.8,4192,NaN
1967,open,58.26,-2.33,4192,NaN
1968,open,170.45,2.25,4200,NaN
1969,open,51.32,-8.41,4200,NaN
1970,open,103.84,-5.67,4201,NaN
1971,open,27.81,-13.49,4213,NaN
1972,open,81.56,-0.08,4227,NaN
1973,open,83.08,-4.13,4236,NaN
1974,open,308.17,-8.53,4239,NaN
1975,open,242.32,-0.11,4244,NaN
1976,open,260.42,-1.31,4269,NaN
1977,open,269.23,-3.76,4269,NaN
1978,open,12.89,-0.26,4269,NaN
1979,open,77.77,4.4,4296,NaN
1980,open,31.99,11.13,4297,NaN
1981,open,146.25,3.12,4299,NaN
1982,open,171.89,0.46,4301,NaN
1983,open,250.28,-9.71,4317,NaN
1984,open,231.5,3.29,4330,NaN
1985,open,308.76,-7.25,4331,NaN
1986,open,227.27,6.55,4332,NaN
1987,open,231.98,1.99,4336,NaN
1988,open,6.17,0.86,4340,NaN
1989,open,332.95,0.78,4362,NaN
1990,open,198.03,-5.81,4364,-0.18
1991,open,289.52,-1.95,4372,NaN
1992,open,234.68,-0.25,4389,NaN
1993,open,43.03,3.92,4389,NaN
1994,open,59.99,-1.08,4394,NaN
1995,open,151.27,1.78,4400,NaN
1996,globular,15.13,23.08,4405,-1.25
1997,open,276.78,-4.48,4405,NaN
1998,open,16.71,2.25,4415,NaN
1999,open,295.6,-0.7,4416,NaN
2000,open,33.08,0.08,4427,NaN
2001,open,105.14,3.39,4427,NaN
2002,open,25.27,6.24,4429,NaN
2003,open,286.79,-0.5,4430,NaN
2004,open,300.1,-0.66,4430,NaN
2005,open,77.01,-4.58,4431,NaN
2006,open,218.37,-16.21,4432,NaN
2007,open,239.48,-18.02,4446,-0.49
2008,open,68.69,1.93,4451,NaN
2009,open,42.95,4.08,4457,NaN
2010,open,227.93,-3.62,4458,-0.38
2011,open,298.9,14.22,4467,NaN
2012,open,259.54,-14.27,4487,-0.33
2013,open,296.22,-3.54,4494,NaN
2014,open,85.25,0.02,4494,NaN
2015,open,48.35,2.46,4496,NaN
2016,open,127.74,2.08,4499,NaN
2017,open,246.24,-0.05,4499,NaN
2018,open,176.38,3.1,4500,-0.46
2019,open,121.96,-2.71,4500,NaN
2020,open,229.84,2.45,4500,NaN
2021,globular,305.9,-44.89,4501,-0.65
2022,open,5.19,-0.47,4513,NaN
2023,open,296.48,-2.77,4532,NaN
2024,open,236.38,-2.17,4541,NaN
2025,open,298.17,-0.79,4564,NaN
2026,open,283.8,2.44,4569,NaN
2027,open,301.11,0.97,4569,NaN
2028,open,69.2,3.38,4569,NaN
2029,open,286.39,-2.53,4583,NaN
2030,open,222.03,-5.32,4591,-0.09
2031,open,195.32,-1.32,4597,NaN
2032,open,174.76,-5.58,4598,NaN
2033,open,116.87,4.03,4601,NaN
2034,open,195.59,0.75,4610,NaN
2035,open,356.38,9.17,4627,NaN
2036,open,275.28,-0.46,4635,NaN
2037,open,117.81,-2.74,4638,NaN
2038,open,256.14,-14.28,4640,NaN
2039,open,299.13,6.51,4640,NaN
2040,open,10.32,-0.15,4644,NaN
2041,open,245.75,0.49,4666,NaN
2042,open,211.79,9.61,4670,NaN
2043,open,231.35,2.58,4697,NaN
2044,open,219.25,5.18,4699,NaN
2045,open,120.94,6.1,4701,NaN
2046,open,230,-7.56,4712,NaN
2047,open,245.65,-4.31,4712,NaN
2048,open,244.44,-2.98,4712,NaN
2050,open,96.38,1.25,4724,NaN
2049,open,192.6,5.39,4724,0.07
2051,open,13.34,0.08,4736,NaN
2052,open,131.44,0.62,4739,NaN
2053,open,108.31,-0.81,4739,NaN
2054,open,195.65,16.44,4755,NaN
2055,open,271.65,-0.7,4767,NaN
2056,open,186.64,1.77,4770,-0.25
2057,open,197.74,1.65,4783,NaN
2058,open,259.06,2,4783,NaN
2059,open,306.62,8.5,4784,NaN
2060,open,225.44,-4.6,4785,-0.26
2061,open,339.91,12.97,4785,NaN
2062,open,60.43,-6.14,4785,NaN
2063,globular,15.71,26.32,4797,-1.05
2064,open,176.91,-3.63,4800,-0.5
2065,open,265.27,6.36,4800,NaN
2066,open,131.97,4.61,4801,-0.61
2067,globular,8.36,-2.09,4801,-0.5
2068,open,130.05,-0.17,4801,-0.18
2069,open,42.8,3.58,4813,NaN
2070,open,217.12,5.96,4815,-0.38
2071,open,265.79,-5.01,4829,NaN
2072,open,223.54,10.08,4836,-0.26
2073,open,322.44,5.95,4844,NaN
2074,open,2.14,19.61,4844,NaN
2075,open,348.7,-0.76,4854,NaN
2076,open,184.86,-1.74,4857,NaN
2077,open,52.27,-10.48,4860,NaN
2078,open,230.79,1.01,4873,NaN
2079,open,78.13,-5.26,4873,NaN
2080,open,225.5,1.78,4889,NaN
2081,open,113.03,-4.85,4900,-0.38
2082,open,116.26,-2.09,4901,NaN
2083,globular,277.22,8.64,4904,-1.45
2084,open,69.96,10.91,4926,0.32
2085,open,60.75,-0.56,4929,NaN
2086,open,223.11,-2.77,4933,NaN
2087,open,276.64,3.45,4936,NaN
2088,open,88.05,0.11,4940,NaN
2089,open,67.89,-3.18,4947,NaN
2090,open,92.93,2.8,4976,NaN
2091,open,210.79,2.87,4983,NaN
2092,open,207.95,4.4,4996,-0.29
2093,open,115.95,10.15,4999,-0.58
2094,open,166.87,3.6,5001,-0.32
2095,open,127.37,13.22,5001,NaN
2096,open,140.55,2.97,5001,NaN
2097,open,32.21,18,5011,NaN
2098,open,212.6,5.36,5012,NaN
2099,open,84.57,6.47,5038,NaN
2100,open,188.05,-2.22,5041,NaN
2101,open,227.47,-0.58,5041,NaN
2102,open,207.79,2.6,5042,NaN
2103,open,121.92,2.1,5053,NaN
2104,open,249.87,3.68,5067,NaN
2105,open,126.9,0.01,5086,NaN
2106,open,120.08,1.02,5087,NaN
2107,open,257.13,-5.84,5118,NaN
2108,open,351.64,-1.24,5147,NaN
2109,open,173.76,-5.85,5151,NaN
2110,open,242.38,-3.55,5157,NaN
2111,open,334.72,-0.65,5163,NaN
2112,open,24.96,0.52,5163,NaN
2113,open,244.58,-0.55,5165,NaN
2114,open,241.34,18.67,5168,NaN
2115,open,286.2,-7.54,5168,NaN
2116,open,1.86,-9.53,5174,NaN
2117,open,298.78,-1.02,5179,NaN
2118,globular,309.1,14.97,5199,-1.45
2119,open,262.35,-1.79,5202,NaN
2120,open,109.8,7.4,5213,NaN
2121,open,303.11,-4.3,5229,NaN
2122,open,323.45,0.11,5240,NaN
2123,open,250.03,0.96,5243,NaN
2124,open,275.39,1.77,5246,NaN
2125,open,160.7,4.84,5247,-0.03
2126,open,234.92,4.55,5250,NaN
2127,open,279.36,4.89,5254,NaN
2128,open,291.92,2.05,5254,NaN
2129,open,2.73,13.08,5271,NaN
2130,open,61.04,1.73,5276,NaN
2131,open,94.44,5.51,5288,NaN
2132,globular,3.29,-3.3,5301,-1.35
2133,open,197.65,0.64,5302,NaN
2134,open,25.54,5.1,5325,NaN
2135,open,118.54,-2.61,5326,NaN
2136,open,57.14,5.42,5341,NaN
2137,open,13.88,0.28,5358,NaN
2138,open,333.59,-0.07,5366,NaN
2139,open,33.03,1.13,5387,NaN
2140,globular,21.83,5.68,5399,-0.65
2141,open,315.99,-0.29,5405,NaN
2142,open,88.23,0.26,5408,NaN
2143,open,307.93,3.77,5409,NaN
2144,open,353.31,6.13,5409,NaN
2145,open,300.97,1.16,5417,NaN
2146,globular,8.79,-23.27,5428,-1.65
2147,open,170.68,-0.45,5441,NaN
2148,open,176.68,9.27,5444,NaN
2149,open,162.81,0.65,5460,NaN
2150,open,350.05,-0.85,5483,NaN
2151,open,118.58,-1.1,5492,NaN
2152,open,199.88,-8.07,5493,-0.32
2153,open,122.86,-4.67,5499,-0.42
2154,open,119.7,-2.33,5499,NaN
2156,open,110.69,0.48,5500,NaN
2155,open,120.73,-0.91,5500,0.07
2157,globular,7.79,-5.57,5501,-1.05
2158,open,103.99,-4.31,5501,NaN
2159,open,105.72,2.55,5502,NaN
2160,open,332.99,-0.44,5523,NaN
2161,open,212.14,-3.44,5527,NaN
2162,open,51.35,-0.01,5549,NaN
2163,open,290.63,-0.91,5594,NaN
2164,globular,341.42,-7.16,5610,-0.55
2165,open,220.3,-0.1,5664,NaN
2166,open,276.01,-3.01,5664,NaN
2167,open,88.28,-1.24,5664,NaN
2168,open,186.82,-2.48,5716,-0.84
2169,open,105.04,7.35,5733,NaN
2170,open,264.09,-5.5,5739,NaN
2171,open,43.21,0.97,5745,NaN
2172,open,163.08,6.15,5752,-0.2
2173,open,109.6,2.34,5763,NaN
2174,open,21.06,1.14,5785,NaN
2175,globular,4.49,-1.98,5797,-1
2176,open,163.64,5.04,5800,0.02
2177,open,289.63,-0.24,5801,NaN
2178,globular,2.09,1.79,5802,-0.85
2179,open,216.29,3.25,5805,NaN
2180,globular,300.99,-9.88,5807,-1.95
2181,open,278.68,3.33,5823,NaN
2182,open,258.51,-4.22,5838,NaN
2183,open,224.76,0.07,5841,NaN
2184,open,116.56,-1.53,5875,NaN
2185,open,96.03,4.03,5883,NaN
2186,globular,52.43,2.73,5894,-0.1
2187,open,77.7,4.18,5895,-0.3
2188,open,255.11,-0.71,5903,NaN
2189,globular,355.82,5.38,5904,-0.45
2190,globular,5.49,6.08,5984,-1.05
2191,open,276.98,-2.06,5984,NaN
2192,open,97.92,5.07,6000,-0.38
2193,open,146.8,-12.18,6000,-0.29
2194,globular,5.25,-3.02,6000,-0.18
2195,open,129.28,0.75,6000,NaN
2196,open,99.63,-1.87,6000,NaN
2197,open,98.48,1.05,6001,NaN
2198,open,107.61,-2.28,6001,NaN
2199,open,93.4,-4.41,6002,NaN
2200,open,301.41,-0.43,6017,NaN
2201,open,257.99,-1.01,6020,NaN
2202,open,278.52,-0.61,6020,NaN
2203,open,285.26,-0.05,6057,NaN
2204,open,265.19,-1.97,6059,NaN
2205,open,217.04,-0.07,6091,NaN
2206,open,323.01,-1.73,6111,NaN
2207,open,323.08,-1.95,6206,NaN
2208,open,304.08,-14.62,6213,NaN
2209,open,206.22,5.12,6242,-0.4
2210,open,48.27,19.35,6251,NaN
2211,open,234.3,-11.18,6273,-0.22
2212,open,241.41,-2.56,6287,NaN
2213,globular,2.77,-2.5,6305,-0.55
2214,open,332.54,-0.13,6353,NaN
2215,open,212.65,-1.78,6365,NaN
2216,globular,3.37,23.02,6397,-0.95
2217,open,154.37,2.58,6408,NaN
2218,open,274.17,-2.16,6501,NaN
2219,open,273.76,-0.38,6501,NaN
2220,globular,3.36,-5.26,6555,-0.75
2221,open,232.83,-6.88,6565,-0.31
2222,open,314.25,0.43,6581,NaN
2223,globular,303.6,-8.01,6595,-1.75
2224,open,279.51,-0.08,6643,NaN
2225,open,113.68,-11.71,6656,NaN
2226,open,0.27,-1.64,6664,NaN
2227,open,337.53,-0.28,6667,NaN
2228,globular,357.57,1,6699,-0.75
2229,open,29.95,-0.01,6699,NaN
2230,open,96.49,-0.41,6699,NaN
2231,open,289.16,0.31,6702,NaN
2232,open,264.64,0.09,6737,NaN
2233,open,351.69,-1.14,6755,NaN
2234,open,337.61,-0.05,6764,NaN
2235,globular,353.57,7.32,6805,-1.05
2236,globular,27.17,10.44,6806,-1.6
2237,globular,358.57,-2.16,6812,-0.65
2238,open,226.33,4.16,6812,-0.38
2239,open,195.53,2.83,6871,NaN
2240,globular,3.83,1.69,6900,-0.23
2241,globular,25.35,-4.31,6905,-1.02
2242,open,301.43,-4.11,6915,NaN
2243,open,316.4,3.32,6955,NaN
2244,open,298.84,-0.32,6976,NaN
2245,open,103.35,3.55,7000,NaN
2246,open,139.42,0.18,7002,-0.48
2247,open,96.13,-4.7,7002,NaN
2248,open,1.53,-1.97,7061,NaN
2249,globular,7.53,5.66,7074,-1.04
2250,open,306.87,6.48,7086,NaN
2251,open,349.23,-3.37,7086,NaN
2252,globular,12.87,-10.89,7100,-1.05
2253,globular,59.01,40.92,7107,-1.45
2254,globular,3.6,-1.98,7108,-1.05
2255,open,358.91,8.65,7130,NaN
2256,open,231.98,-6.16,7154,-0.5
2257,open,109.84,2.76,7154,NaN
2258,open,282.84,-3.37,7173,NaN
2259,globular,356.02,1.31,7198,-1.05
2260,open,305.36,-3.16,7241,-0.51
2261,open,222.55,0.35,7241,NaN
2262,open,214.15,1.87,7279,NaN
2263,open,68,2.85,7329,NaN
2264,open,298.83,5.45,7354,NaN
2265,open,331.51,-0.1,7362,NaN
2266,open,3.6,-3.23,7376,NaN
2267,globular,36.1,-3.92,7400,-0.4
2268,globular,0.2,-6.02,7411,-1.15
2269,globular,9.76,-0.6,7436,-1.08
2270,open,222.8,-6.66,7468,NaN
2271,open,339.26,9.29,7468,NaN
2272,globular,357.88,-3.34,7475,-0.9
2273,globular,356.32,2.31,7495,-0.69
2274,globular,349.28,-11.18,7499,-1.55
2275,open,128.22,2.15,7500,NaN
2276,open,95.27,2.07,7500,NaN
2277,globular,3.85,46.8,7501,-1.15
2278,open,344.42,0.04,7506,NaN
2279,open,291.84,-0.67,7511,NaN
2280,open,77.69,-8.48,7514,NaN
2281,open,1.41,-1.15,7575,NaN
2282,globular,325.55,-17.56,7600,-0.99
2283,open,214.37,-6.46,7655,-0.38
2284,open,343.48,-0.04,7693,NaN
2285,globular,326.6,4.87,7699,-0.49
2286,globular,1.02,-3.92,7702,-1.15
2287,open,303.71,-8.54,7702,NaN
2288,open,115.96,0.27,7722,NaN
2289,globular,20.79,6.78,7801,-0.63
2290,globular,0.97,8.01,7806,-1.15
2291,open,349.11,-0.44,7813,NaN
2292,open,66.08,-0.94,7837,NaN
2293,open,215.25,-9.4,7881,-0.22
2294,globular,5.54,10.71,7892,-1.65
2295,globular,1.13,-4.17,7892,-0.11
2296,globular,36.2,-2.2,7902,-1.6
2297,globular,2.78,-7.91,7905,-0.44
2298,open,347.56,0.21,7908,NaN
2299,open,13.19,0.06,7959,NaN
2300,open,101.44,-1.83,8001,NaN
2301,globular,9.81,-6.43,8089,-0.95
2302,globular,292.27,-19.02,8104,-0.75
2303,globular,27.17,-46.84,8109,-1.95
2304,globular,357.43,2.13,8197,-0.95
2305,globular,350.8,-3.42,8201,-0.7
2306,globular,345.07,9.19,8205,-0.74
2307,globular,353.51,-2.28,8208,-1.05
2308,globular,68.34,34.86,8292,-2.05
2309,globular,351.91,12.1,8308,-1.15
2310,open,203.48,-17.38,8399,-0.61
2311,open,68.53,0.46,8486,NaN
2312,globular,7.72,3.81,8492,-0.36
2313,globular,4.89,9.73,8502,-0.55
2314,open,235.03,-1.55,8570,NaN
2315,globular,301.53,-46.25,8603,-1.25
2316,globular,22.28,9.33,8677,-0.5
2317,open,96.76,1.07,8700,NaN
2318,globular,0.07,-17.29,8703,-1.05
2319,globular,328.77,-2.79,8785,-1.01
2320,globular,356.86,9.39,8794,-1.74
2321,globular,1.72,-10.26,8800,-0.64
2322,globular,339.19,-1.85,8831,-0.6
2323,open,265.43,1.96,8835,NaN
2324,open,192.16,-3.83,8885,NaN
2325,globular,351.92,15.71,8903,-1.25
2326,globular,151.38,-89.39,8912,-1.15
2327,open,354.7,-5.2,8923,0
2328,open,91.3,1.48,8999,0
2329,globular,2.85,-12.5,9001,-1.45
2330,globular,359.58,5.44,9201,-1.15
2331,globular,21.32,14.81,9298,-1.15
2332,globular,0.13,11.03,9400,-1.65
2333,globular,62.66,8.34,9403,-1.98
2334,globular,7.89,-7.15,9410,-0.75
2335,open,90.01,0.28,9471,0
2336,globular,357.62,7.84,9474,-1.99
2337,open,287.1,-6.65,9548,0
2338,globular,282.19,-11.25,9612,-1.05
2339,open,279.18,-2.61,9763,0
2340,globular,345.55,-6.73,9889,-0.55
2341,globular,1.53,-11.37,9999,-0.84
2342,globular,352.67,19.47,10011,-1.45
2343,globular,342.36,6.95,10110,-1.55
2344,globular,42.23,78.71,10194,-1.35
2345,open,277.1,-0.12,10270,0
2346,globular,299.62,36.05,10296,-1.75
2347,globular,347.79,3.31,10296,-1.02
2348,open,117.79,-1.99,10300,0
2349,open,279.91,0.28,10301,0
2350,open,250.96,-2.85,10380,0
2351,globular,65.01,-27.31,10392,-2.05
2352,globular,357.17,5.77,10403,-0.45
2353,globular,337.02,13.27,10517,-1.35
2354,globular,327.58,4.2,10596,-1.29
2355,globular,3.45,3.99,10598,-1.02
2356,globular,19.22,6.77,10600,-1.23
2357,open,197.94,7.97,10797,-0.31
2358,globular,245.63,-16.01,10815,-1.55
2359,globular,350.18,-3.41,10897,-0.75
2360,globular,0.48,-6.67,10900,-0.76
2361,globular,348.02,-10.01,11307,-0.46
2362,open,226.61,-9.65,11400,-0.2
2363,globular,358.91,13.53,11495,-1.15
2364,globular,53.36,-35.77,11507,-1.55
2365,globular,353.53,-5,11610,-0.46
2366,globular,355.71,-3.87,11611,-1.45
2367,globular,311.61,10.57,11711,-1.45
2368,globular,244.51,-35.04,12097,-1.05
2369,globular,342.94,30.3,12502,-1.75
2370,open,61.63,1.91,12617,0
2371,globular,14.1,-6.79,12801,-0.37
2372,globular,227.22,-29.35,12892,-1.45
2373,open,85.97,-5.22,13180,0
2374,open,248.11,-5.89,13338,0
2375,globular,31.81,-15.57,13412,-0.4
2376,globular,342.14,-16.41,13501,-1.5
2377,globular,356.67,-2.48,13682,-1.51
2378,open,214.69,7.38,13719,-0.38
2379,globular,293.5,-4.04,13797,-0.35
2380,globular,6.72,10.23,13886,-0.4
2381,open,99.23,0.94,14655,0
2382,globular,358.34,9.95,15308,-1.26
2383,globular,317.74,-15.82,15405,-1.55
2384,globular,52.1,-18.89,15606,-1.35
2385,globular,42.16,73.58,16003,-1.75
2386,globular,270.54,-52.13,16298,-1.25
2387,globular,35.16,-32.68,16997,-1.35
2388,globular,335.68,78.95,17399,-2.15
2389,globular,332.94,79.77,17892,-1.75
2390,globular,307.35,-20.47,18804,-1.45
2391,globular,328.41,4.35,18887,-0.1
2392,globular,30.5,-47.68,18996,-0.85
2393,globular,252.82,77.19,19305,-1.65
2394,globular,28.08,16.24,20598,-2.05
2395,globular,20.3,-25.74,20897,-1.15
2396,globular,300.88,11.67,21213,-1.68
2397,globular,346.9,-12.56,21395,-1.8
2398,globular,195.11,25.54,22063,-2.16
2399,globular,3.38,-20.06,22795,-0.32
2400,globular,0.85,45.87,23195,-1.25
2401,globular,16.53,15.16,25002,-1.55
2402,globular,342.2,49.27,25214,-1.65
2403,globular,53.37,-63.47,26303,-1.55
2404,globular,5.76,-24.55,26316,-1.85
2405,globular,5.6,-14.08,26507,-1.49
2406,globular,170.53,-9.08,27198,-1.42
2407,globular,8.54,-20.78,28596,-1.65
2408,globular,73.64,40.31,30502,-1.15
2409,globular,332.55,22.08,32114,-1.75
2410,globular,331.05,30.37,34992,-1.98
2411,globular,63.76,-19.4,41177,-1.52
2412,globular,18.85,24.35,44999,-1.95